Index,Year,"pop_[0,15)","pop_[15,65)","pop_[65,100]","mort_rate_[0,15)","mort_rate_[15,65)","mort_rate_[65,100]","ao_rate_[0,15)","ao_rate_[15,65)","ao_rate_[65,100]",B,"sim_[0,15)","sim_[15,65)","sim_[65,99]","sim_[0,99]"
1,1900,141086.266,223426.812,11811.085020373,0.00695355704168899,0.00983096813801054,0.0461393310974012,0,0,0,12172.586,141086.266,223426.812,11811.085020373,376324.163020373
2,1900,141086.266,223426.812,11811.085020373,0.00695355704168899,0.00983096813801054,0.0461393310974012,0.0577358596038248,0.006058310903294,0,0,140105.21460157,221230.310130051,11266.1294579985,372601.654189619
3,1901,144353.397,225804.215,12086.5997807497,0.00807307348195741,0.00990476054725531,0.0485725260809448,0,0,0,13311.507,144353.397,225804.215,12086.5997807497,382244.21178075
4,1901,144353.397,225804.215,12086.5997807497,0.00807307348195741,0.00990476054725531,0.0485725260809448,0.0571769406329245,0.00648431835448906,0,0,143188.021418649,223567.678319864,11499.5230976693,378255.222836182
5,1902,148056.192,228090.663,12390.6462120893,0.0101457879661933,0.00892546530680649,0.0500882928556302,0,0,0,14211.191,148056.192,228090.663,12390.6462120893,388537.501212089
6,1902,148056.192,228090.663,12390.6462120893,0.0101457879661933,0.00892546530680649,0.0500882928556302,0.0563282506794959,0.00663053243602751,0,0,146554.045268886,226054.847700587,11770.0198959477,384378.912865421
7,1903,151686.157,230793.472,12679.3436924829,0.0118209196068952,0.00771945136886465,0.0516183218264853,0,0,0,14874.151,151686.157,230793.472,12679.3436924829,395158.972692483
8,1903,151686.157,230793.472,12679.3436924829,0.0118209196068952,0.00771945136886465,0.0516183218264853,0.0552217794585568,0.00640925285080447,0,0,149893.087132624,229011.873016645,12024.8572492157,390929.817398484
9,1904,155150.394,234053.595,12871.9492978081,0.0122818589661118,0.00684072091750587,0.0538592236488229,0,0,0,15306.544,155150.394,234053.595,12871.9492978081,402075.938297808
10,1904,155150.394,234053.595,12871.9492978081,0.0122818589661118,0.00684072091750587,0.0538592236488229,0.0540596276311506,0.00602576010990257,0,0,153244.858742355,232452.499676866,12178.6761017812,397876.034521003
11,1905,158598.575,237746.014,12923.4450618688,0.00729362150593516,0.00966274034106229,0.0434961986772051,0,0,0,15520.208,158598.575,237746.014,12923.4450618687,409268.034061869
12,1905,158598.575,237746.014,12923.4450618688,0.00729362150593516,0.00966274034106229,0.0434961986772051,0.0525270741687039,0.00572543315756988,0,0,157441.817022569,235448.735999595,12361.3243278638,405251.877350029
13,1906,163460.411,240095.568,13171.6997089856,0.00812360688693326,0.00788472588109257,0.0440001302428232,0,0,0,15436.873,163460.411,240095.568,13171.6997089856,416727.678708986
14,1906,163460.411,240095.568,13171.6997089856,0.00812360688693326,0.00788472588109257,0.0440001302428232,0.0512785272957304,0.00545808338592924,0,0,162132.52287946,238202.480261055,12592.1432062709,412927.146346785
15,1907,167783.634,243338.107,13338.2162651587,0.00756579195884755,0.00697587311101022,0.0455543739644411,0,0,0,15282.129,167783.634,243338.107,13338.2162651587,424459.957265159
16,1907,167783.634,243338.107,13338.2162651587,0.00756579195884755,0.00697587311101022,0.0455543739644411,0.0503508054998124,0.00540809755976228,0,0,166514.217931057,241640.611242495,12730.6021733971,420885.431346948
17,1908,171990.735,247032.266,13457.4835611976,0.00620542700457327,0.00673521766477381,0.0478903124287224,0,0,0,15120.454,171990.735,247032.266,13457.4835611976,432480.484561198
18,1908,171990.735,247032.266,13457.4835611976,0.00620542700457327,0.00673521766477381,0.0478903124287224,0.0496037351876578,0.00564825266028149,0,0,170923.459048495,245368.449918268,12813.0004689475,429104.90943571
19,1909,176419.075,250808.379,13585.2848733402,0.00499198384923061,0.00669885502588441,0.0504574210861201,0,0,0,15034.711,176419.075,250808.379,13585.2848733402,440812.73887334
20,1909,176419.075,250808.379,13585.2848733402,0.00499198384923061,0.00669885502588441,0.0504574210861201,0.049045646438406,0.00602585214571378,0,0,175538.393826904,249128.250029802,12899.8064339112,437566.450290617
21,1910,181161.842,254567.56,13750.1254687459,0.00485136871419101,0.0069494425707437,0.0401906080082622,0,0,0,15109.127,181161.842,254567.56,13750.1254687459,449479.527468746
22,1910,181161.842,254567.56,13750.1254687459,0.00485136871419101,0.0069494425707437,0.0401906080082622,0.048547688829427,0.00633342472383471,0,0,180282.959107516,252798.457361406,13197.4995659671,446278.916034889
23,1911,186032.79,258192.89,14268.1640342221,0.00451014892442758,0.00705436881277477,0.0420223054159225,0,0,0,15376.771,186032.79,258192.89,14268.1640342221,458493.844034222
24,1911,186032.79,258192.89,14268.1640342221,0.00451014892442758,0.00705436881277477,0.0420223054159225,0.0479984545278537,0.00663350249882138,0,0,185193.754412273,256371.502129104,13668.5828874515,455233.839428829
25,1912,191305.236,261751.336,14794.8385227522,0.00491440360303341,0.00688794473526655,0.0435995358454049,0,0,0,15835.747,191305.236,261751.336,14794.8385227522,467851.410522752
26,1912,191305.236,261751.336,14794.8385227522,0.00491440360303341,0.00688794473526655,0.0435995358454049,0.0480587656438155,0.00678183035841679,0,0,190365.084858923,259948.40726325,14149.7904302525,464463.282552425
27,1913,196687.379,265543.682,15295.7921351837,0.00601573406149225,0.00626419530479683,0.0447943407857181,0,0,0,16406.536,196687.379,265543.682,15295.7921351837,477526.853135184
28,1913,196687.379,265543.682,15295.7921351837,0.00601573406149225,0.00626419530479683,0.0447943407857181,0.04910095518324,0.00673104524611307,0,0,195504.160034684,263880.264513997,14610.6272096928,473995.051758374
29,1914,201700.568,270050.518,15732.3437953687,0.00707581191687323,0.00551045995325528,0.0459773811370082,0,0,0,16971.95,201700.568,270050.518,15732.3437953687,487483.429795369
30,1914,201700.568,270050.518,15732.3437953687,0.00707581191687323,0.00551045995325528,0.0459773811370082,0.0508262624326415,0.00658575771719153,0,0,200273.372717306,268562.415435205,15009.0118285106,483844.799981021
31,1915,206120.678,275492.973,16087.6237711813,0.00526713371189835,0.00700664476850244,0.0391880676480807,0,0,0,17443.549,206120.678,275492.973,16087.6237711813,497701.274771181
32,1915,206120.678,275492.973,16087.6237711813,0.00526713371189835,0.00700664476850244,0.0391880676480807,0.0523116410804814,0.00645033498415575,0,0,205035.012828187,273562.69160197,15457.1808825394,494054.885312697
33,1916,210937.633,280607.082,16616.0148324658,0.00587182748759574,0.0060679472591727,0.0399328676262074,0,0,0,17708.285,210937.633,280607.082,16616.0148324658,508160.729832466
34,1916,210937.633,280607.082,16616.0148324658,0.00587182748759574,0.0060679472591727,0.0399328676262074,0.0539869558067335,0.00632444009702338,0,0,209699.043608382,278904.373025874,15952.4897116859,504555.906345942
35,1917,215039.991,286769.095,17079.3750517207,0.00605053361864893,0.00525238301962316,0.040866717409176,0,0,0,17893.277,215039.991,286769.095,17079.3750517207,518888.461051721
36,1917,215039.991,286769.095,17079.3750517207,0.00605053361864893,0.00525238301962316,0.040866717409176,0.0552505176509813,0.00628806677726605,0,0,213738.884305101,285262.873874869,16381.3970579567,515383.155237926
37,1918,218680.22,293779.996,17505.6951336217,0.00574136383404711,0.00467929160705438,0.0420624378803985,0,0,0,18043.754,218680.22,293779.996,17505.6951336217,529965.911133622
38,1918,218680.22,293779.996,17505.6951336217,0.00574136383404711,0.00467929160705438,0.0420624378803985,0.0557014320394437,0.0063798977392047,0,0,217424.697293671,292405.313730397,16769.3629195105,526599.373943578
39,1919,222291.697,301282.415,17929.5186334147,0.00530309611892488,0.00423068095746804,0.043351602892922,0,0,0,18226.181,222291.697,301282.415,17929.5186334147,541503.630633415
40,1919,222291.697,301282.415,17929.5186334147,0.00530309611892488,0.00423068095746804,0.043351602892922,0.0556361074891854,0.00653835032492624,0,0,221112.86276437,300007.78522404,17152.2452615577,538272.893249967
41,1920,226128.011,309078.851,18370.2239362566,0.00379959693675902,0.00498777613886114,0.0373937495712066,0,0,0,18489.59,226128.011,309078.851,18370.2239362566,553577.085936257
42,1920,226128.011,309078.851,18370.2239362566,0.00379959693675902,0.00498777613886114,0.0373937495712066,0.055519366766414,0.00664248022124575,0,0,225268.815702089,307537.234881956,17683.2923828173,550489.342966862
43,1921,230691.162,316467.28,19064.8577758598,0.00392157141967242,0.00434598690278665,0.0381210399719322,0,0,0,18785.059,230691.162,316467.28,19064.8577758598,566223.29977586
44,1921,230691.162,316467.28,19064.8577758598,0.00392157141967242,0.00434598690278665,0.0381210399719322,0.0553741475082906,0.00674988117091183,0,0,229786.49013233,315091.91734596,18338.085570527,563216.493048816
45,1922,235324.167,324319.93,19765.8516774843,0.00416570390157334,0.00382488476328358,0.0389449676918568,0,0,0,19163.032,235324.167,324319.93,19765.8516774842,579409.948677485
46,1922,235324.167,324319.93,19765.8516774843,0.00416570390157334,0.00382488476328358,0.0389449676918568,0.0553289388666072,0.00679852910245363,0,0,234343.876199394,323079.443641314,18996.0712225026,576419.39106321
47,1923,239991.363,332613.235,20452.73484247,0.00458596770899855,0.00336444370492572,0.0398090452715374,0,0,0,19589.692,239991.363,332613.235,20452.73484247,593057.33284247
48,1923,239991.363,332613.235,20452.73484247,0.00458596770899855,0.00336444370492572,0.0398090452715374,0.0555113116345187,0.00677421251782274,0,0,238890.770358843,331494.176495329,19638.5309951994,590023.477849372
49,1924,244551.882,341394.411,21102.351825745,0.00500014173612717,0.00298933679139524,0.0407382733106846,0,0,0,20017.797,244551.882,341394.411,21102.351825745,607048.644825745
50,1924,244551.882,341394.411,21102.351825745,0.00500014173612717,0.00298933679139524,0.0407382733106846,0.0558756543073631,0.00672040427953098,0,0,243329.087928163,340373.868126821,20242.6784495696,603945.634504554
51,1925,248929.531,350665.098,21705.4766823507,0.00322371748636507,0.00442026104183701,0.0361644462347169,0,0,0,20413.295,248929.531,350665.098,21705.4766823507,621300.105682351
52,1925,248929.531,350665.098,21705.4766823507,0.00322371748636507,0.00442026104183701,0.0361644462347169,0.0559924073534455,0.00665691407070331,0,0,248127.052518043,349115.066728579,20920.5101378729,618162.629384494
53,1926,254140.921,359141.089,22487.960473789,0.00370674442591001,0.00383912258369534,0.036826958844439,0,0,0,20706.991,254140.921,359141.089,22487.960473789,635769.970473789
54,1926,254140.921,359141.089,22487.960473789,0.00370674442591001,0.00383912258369534,0.036826958844439,0.0561149112829048,0.00661358668747564,0,0,253198.885557688,357762.302334487,21659.7972789254,632620.9851711
55,1927,259023.954,368230.95,23228.2248159555,0.00391931100440512,0.00338252815686868,0.0375942684991478,0,0,0,20971.845,259023.954,368230.95,23228.2248159555,650483.128815956
56,1927,259023.954,368230.95,23228.2248159555,0.00391931100440512,0.00338252815686868,0.0375942684991478,0.0562402109161334,0.00659329229517892,0,0,258008.758566683,366985.398443395,22354.9766954659,647349.133705544
57,1928,263731.19,377834.885,23934.1996992844,0.0038533952952865,0.00308363899150566,0.0384910381603417,0,0,0,21244.115,263731.19,377834.885,23934.1996992844,665500.274699285
58,1928,263731.19,377834.885,23934.1996992844,0.0038533952952865,0.00308363899150566,0.0384910381603417,0.056284810420363,0.00660601179404672,0,0,262714.929473234,376669.778616263,23012.947505322,662397.655594819
59,1929,268491.454,387806.84,24615.4402647127,0.00372119830343887,0.00288403195493869,0.0394465457932294,0,0,0,21575.729,268491.454,387806.84,24615.4402647127,680913.734264713
60,1929,268491.454,387806.84,24615.4402647127,0.00372119830343887,0.00288403195493869,0.0394465457932294,0.0562813939706562,0.006641913873319,0,0,267492.344056887,386688.392681096,23644.4461730902,677825.182911074
61,1930,273441.676,398059.662,25280.1054443678,0.00246112497030682,0.00385062523098068,0.0358591111986623,0,0,0,21999.566,273441.676,398059.662,25280.1054443678,696781.443444368
62,1930,273441.676,398059.662,25280.1054443678,0.00246112497030682,0.00385062523098068,0.0358591111986623,0.05616639994012,0.00663802912247517,0,0,272768.701863274,396526.883422067,24373.5833321244,693669.168617466
63,1931,279295.802,407688.286,26131.7252971078,0.00271987107450467,0.0036424901104678,0.0369064897392755,0,0,0,22518.854,279295.802,407688.286,26131.7252971078,713115.813297108
64,1931,279295.802,407688.286,26131.7252971078,0.00271987107450467,0.0036424901104678,0.0369064897392755,0.0560007338655702,0.00664612300466413,0,0,278536.15342691,406203.285450092,25167.2950455606,709906.733922562
65,1932,285305.307,417622.246,26938.1355291963,0.00317510962813228,0.0034210530121862,0.0379363808204489,0,0,0,23124.965,285305.307,417622.246,26938.1355291963,729865.688529196
66,1932,285305.307,417622.246,26938.1355291963,0.00317510962813228,0.0034210530121862,0.0379363808204489,0.0558847003430429,0.00665304899316586,0,0,284399.431372787,416193.538157366,25916.2001611678,726509.169691321
67,1933,291350.346,427894.339,27701.9893224348,0.00382718355484279,0.00311204172377877,0.0388513357403828,0,0,0,23747.491,291350.346,427894.339,27701.9893224348,746946.674322435
68,1933,291350.346,427894.339,27701.9893224348,0.00382718355484279,0.00311204172377877,0.0388513357403828,0.0558841060806667,0.00666023284970475,0,0,290235.294747091,426562.713963664,26625.7300345924,743423.738745347
69,1934,297196.716,438613.766,28432.2918576856,0.00440210827156473,0.00279125334340147,0.0396981387327185,0,0,0,24291.745,297196.716,438613.766,28432.2918576856,764242.773857686
70,1934,297196.716,438613.766,28432.2918576856,0.00440210827156473,0.00279125334340147,0.0396981387327185,0.0560146246438548,0.00667603385027896,0,0,295888.423878214,437389.483859191,27303.5827910301,760581.490528435
71,1935,302701.863,449822.671,29139.7083734915,0.00255844208854539,0.00415240079906387,0.0363994861417657,0,0,0,24690.051,302701.863,449822.671,29139.7083734915,781664.242373492
72,1935,302701.863,449822.671,29139.7083734915,0.00255844208854539,0.00415240079906387,0.0363994861417657,0.0560044500842561,0.006655300535746,0,0,301927.41781342,447954.826981503,28079.0379623755,777961.282757298
73,1936,309117.827,460022.744,30038.2494091899,0.00304045648150597,0.00353806257962186,0.0370671293386528,0,0,0,24872.152,309117.827,460022.744,30038.2494091899,799178.82040919
74,1936,309117.827,460022.744,30038.2494091899,0.00304045648150597,0.00353806257962186,0.0370671293386528,0.05607738648228,0.00665193331222061,0,0,308177.967699349,458395.154743679,28924.8177332328,795497.94017626
75,1937,314882.171,471005.925,30901.871773218,0.00312269583571689,0.00311647630495682,0.0378963807815087,0,0,0,24923.02,314882.171,471005.925,30901.8717732181,816789.967773218
76,1937,314882.171,471005.925,30901.871773218,0.00312269583571689,0.00311647630495682,0.0378963807815087,0.056224722596903,0.00666159648902949,0,0,313898.889755877,469538.046195244,29730.8026736388,813167.738624759
77,1938,320158.702,482595.747,31731.9858545787,0.00286332035140791,0.00291460360658347,0.0389077422828851,0,0,0,24888.901,320158.702,482595.747,31731.9858545787,834486.434854579
78,1938,320158.702,482595.747,31731.9858545787,0.00286332035140791,0.00291460360658347,0.0389077422828851,0.0563515541224721,0.00669156371215915,0,0,319241.985072883,481189.171695272,30497.3659268246,830928.52269498
79,1939,325179.83,494556.57,32530.6902730369,0.00255690512681861,0.00280071834170903,0.0399574362603825,0,0,0,24841.719,325179.83,494556.57,32530.6902730369,852267.090273037
80,1939,325179.83,494556.57,32530.6902730369,0.00255690512681861,0.00280071834170903,0.0399574362603825,0.0564871026163473,0.00674074494223223,0,0,324348.376025535,493171.456343389,31230.8472899458,848750.67965887
81,1940,330035.881,506787.379,33307.2857,0.00182219558434293,0.00349036713057338,0.0340343985272169,0,0,0,24838.333,330035.881,506787.379,33307.2857,870130.5457
82,1940,330035.881,506787.379,33307.2857,0.00182219558434293,0.00349036713057338,0.0340343985272169,0.056609898189914,0.00676877177018826,0,0,329434.491074967,505018.504990149,32173.6922646264,866626.688329743
83,1941,335068.163,518486.703,34497.035,0.00181809956550827,0.00330959035819922,0.0348507957052064,0,0,0,24883.219,335068.163,518486.703,34497.035,888051.901000001
84,1941,335068.163,518486.703,34497.035,0.00181809956550827,0.00330959035819922,0.0348507957052064,0.0567358760793877,0.00680477208540777,0,0,334458.975718434,516770.724406897,33294.7858807797,884524.486006111
85,1942,339847.574,530519.741,35650.9431,0.00188491480263087,0.00310557685234048,0.035617217570708,0,0,0,24972.501,339847.574,530519.741,35650.9431,906018.2581
86,1942,339847.574,530519.741,35650.9431,0.00188491480263087,0.00310557685234048,0.035617217570708,0.0570924525587695,0.00684561071151193,0,0,339206.990277129,528872.171172641,34381.1557030064,902460.317152777
87,1943,344302.685,542975.424,36777.0476,0.00203478158882342,0.00285006778472063,0.0362781842358529,0,0,0,25101.23,344302.685,542975.424,36777.0476,924055.1566
88,1943,344302.685,542975.424,36777.0476,0.00203478158882342,0.00285006778472063,0.0362781842358529,0.057784224122176,0.00689448207251678,0,0,343602.104235579,541427.907236163,35442.8430915165,920472.854563259
89,1944,348305.135,556006.717,37889.9061,0.00217918557065455,0.00260226636872374,0.0368644516098261,0,0,0,25256.967,348305.135,556006.717,37889.9061,942201.7581
90,1944,348305.135,556006.717,37889.9061,0.00217918557065455,0.00260226636872374,0.0368644516098261,0.0587068311481236,0.00695262391166937,0,0,347546.113475623,554559.839419567,36493.1154900757,938599.068385266
91,1945,351812.243,569664.412,39003.4628,0.00149437757707094,0.00322233053719589,0.0321895907191688,0,0,0,25426.828,351812.243,569664.412,39003.4628,960480.1178
92,1945,351812.243,569664.412,39003.4628,0.00149437757707094,0.00322233053719589,0.0321895907191688,0.0595570021643892,0.0069807805531208,0,0,351286.502672722,567828.764969259,37747.9572958377,956863.224937818
93,1946,355436.705,582956.716,40496.754,0.00163134660046416,0.00300910204741378,0.0327584746923024,0,0,0,25596.728,355436.705,582956.716,40496.754,978890.175
94,1946,355436.705,582956.716,40496.754,0.00163134660046416,0.00300910204741378,0.0327584746923024,0.0604427873413884,0.00701194630315388,0,0,354856.864539618,581202.539752331,39170.1421089706,975229.54640092
95,1947,358612.537,596826.819,41962.349,0.00183951806833538,0.00280014696647679,0.0332662484133167,0,0,0,25783.105,358612.537,596826.819,41962.349,997401.705
96,1947,358612.537,596826.819,41962.349,0.00183951806833538,0.00280014696647679,0.0332662484133167,0.0612054303216217,0.00704931430679403,0,0,357952.862758657,595155.616193266,40566.4190741597,993674.898026082
97,1948,361355.075,611202.313,43412.3655,0.00208327542405795,0.002609733842869,0.0337184123079427,0,0,0,25969.332,361355.075,611202.313,43412.3655,1015969.7535
98,1948,361355.075,611202.313,43412.3655,0.00208327542405795,0.002609733842869,0.0337184123079427,0.0617312193400429,0.00709834256030116,0,0,360602.272852894,609607.237638924,41948.5694608079,1012158.07995263
99,1949,363723.543,625949.542,44861.3313,0.00229817822197065,0.00245222568734593,0.0341223062857068,0,0,0,26132.922,363723.543,625949.542,44861.3313,1034534.4163
100,1949,363723.543,625949.542,44861.3313,0.00229817822197065,0.00245222568734593,0.0341223062857068,0.0621028892260409,0.00715667154025031,0,0,362887.641474659,624414.572454125,43330.5592129969,1030632.77314178
101,1950,141086.266,223426.812,11811.085020373,0.00695355704168899,0.00983096813801054,0.0461393310974012,0,0,0,12172.586,141086.266,223426.812,11811.085020373,376324.163020373
102,1950,141086.266,223426.812,11811.085020373,0.00695355704168899,0.00983096813801054,0.0461393310974012,0.0577358596038248,0.006058310903294,0,0,140105.21460157,221230.310130051,11266.1294579985,372601.654189619
103,1951,144353.397,225804.215,12086.5997807497,0.00807307348195741,0.00990476054725531,0.0485725260809448,0,0,0,13311.507,144353.397,225804.215,12086.5997807497,382244.21178075
104,1951,144353.397,225804.215,12086.5997807497,0.00807307348195741,0.00990476054725531,0.0485725260809448,0.0571769406329245,0.00648431835448906,0,0,143188.021418649,223567.678319864,11499.5230976693,378255.222836182
105,1952,148056.192,228090.663,12390.6462120893,0.0101457879661933,0.00892546530680649,0.0500882928556302,0,0,0,14211.191,148056.192,228090.663,12390.6462120893,388537.501212089
106,1952,148056.192,228090.663,12390.6462120893,0.0101457879661933,0.00892546530680649,0.0500882928556302,0.0563282506794959,0.00663053243602751,0,0,146554.045268886,226054.847700587,11770.0198959477,384378.912865421
107,1953,151686.157,230793.472,12679.3436924829,0.0118209196068952,0.00771945136886465,0.0516183218264853,0,0,0,14874.151,151686.157,230793.472,12679.3436924829,395158.972692483
108,1953,151686.157,230793.472,12679.3436924829,0.0118209196068952,0.00771945136886465,0.0516183218264853,0.0552217794585568,0.00640925285080447,0,0,149893.087132624,229011.873016645,12024.8572492157,390929.817398484
109,1954,155150.394,234053.595,12871.9492978081,0.0122818589661118,0.00684072091750587,0.0538592236488229,0,0,0,15306.544,155150.394,234053.595,12871.9492978081,402075.938297808
110,1954,155150.394,234053.595,12871.9492978081,0.0122818589661118,0.00684072091750587,0.0538592236488229,0.0540596276311506,0.00602576010990257,0,0,153244.858742355,232452.499676866,12178.6761017812,397876.034521003
111,1955,158598.575,237746.014,12923.4450618688,0.00729362150593516,0.00966274034106229,0.0434961986772051,0,0,0,15520.208,158598.575,237746.014,12923.4450618687,409268.034061869
112,1955,158598.575,237746.014,12923.4450618688,0.00729362150593516,0.00966274034106229,0.0434961986772051,0.0525270741687039,0.00572543315756988,0,0,157441.817022569,235448.735999595,12361.3243278638,405251.877350029
113,1956,163460.411,240095.568,13171.6997089856,0.00812360688693326,0.00788472588109257,0.0440001302428232,0,0,0,15436.873,163460.411,240095.568,13171.6997089856,416727.678708986
114,1956,163460.411,240095.568,13171.6997089856,0.00812360688693326,0.00788472588109257,0.0440001302428232,0.0512785272957304,0.00545808338592924,0,0,162132.52287946,238202.480261055,12592.1432062709,412927.146346785
115,1957,167783.634,243338.107,13338.2162651587,0.00756579195884755,0.00697587311101022,0.0455543739644411,0,0,0,15282.129,167783.634,243338.107,13338.2162651587,424459.957265159
116,1957,167783.634,243338.107,13338.2162651587,0.00756579195884755,0.00697587311101022,0.0455543739644411,0.0503508054998124,0.00540809755976228,0,0,166514.217931057,241640.611242495,12730.6021733971,420885.431346948
117,1958,171990.735,247032.266,13457.4835611976,0.00620542700457327,0.00673521766477381,0.0478903124287224,0,0,0,15120.454,171990.735,247032.266,13457.4835611976,432480.484561198
118,1958,171990.735,247032.266,13457.4835611976,0.00620542700457327,0.00673521766477381,0.0478903124287224,0.0496037351876578,0.00564825266028149,0,0,170923.459048495,245368.449918268,12813.0004689475,429104.90943571
119,1959,176419.075,250808.379,13585.2848733402,0.00499198384923061,0.00669885502588441,0.0504574210861201,0,0,0,15034.711,176419.075,250808.379,13585.2848733402,440812.73887334
120,1959,176419.075,250808.379,13585.2848733402,0.00499198384923061,0.00669885502588441,0.0504574210861201,0.049045646438406,0.00602585214571378,0,0,175538.393826904,249128.250029802,12899.8064339112,437566.450290617
121,1960,181161.842,254567.56,13750.1254687459,0.00485136871419101,0.0069494425707437,0.0401906080082622,0,0,0,15109.127,181161.842,254567.56,13750.1254687459,449479.527468746
122,1960,181161.842,254567.56,13750.1254687459,0.00485136871419101,0.0069494425707437,0.0401906080082622,0.048547688829427,0.00633342472383471,0,0,180282.959107516,252798.457361406,13197.4995659671,446278.916034889
123,1961,186032.79,258192.89,14268.1640342221,0.00451014892442758,0.00705436881277477,0.0420223054159225,0,0,0,15376.771,186032.79,258192.89,14268.1640342221,458493.844034222
124,1961,186032.79,258192.89,14268.1640342221,0.00451014892442758,0.00705436881277477,0.0420223054159225,0.0479984545278537,0.00663350249882138,0,0,185193.754412273,256371.502129104,13668.5828874515,455233.839428829
125,1962,191305.236,261751.336,14794.8385227522,0.00491440360303341,0.00688794473526655,0.0435995358454049,0,0,0,15835.747,191305.236,261751.336,14794.8385227522,467851.410522752
126,1962,191305.236,261751.336,14794.8385227522,0.00491440360303341,0.00688794473526655,0.0435995358454049,0.0480587656438155,0.00678183035841679,0,0,190365.084858923,259948.40726325,14149.7904302525,464463.282552425
127,1963,196687.379,265543.682,15295.7921351837,0.00601573406149225,0.00626419530479683,0.0447943407857181,0,0,0,16406.536,196687.379,265543.682,15295.7921351837,477526.853135184
128,1963,196687.379,265543.682,15295.7921351837,0.00601573406149225,0.00626419530479683,0.0447943407857181,0.04910095518324,0.00673104524611307,0,0,195504.160034684,263880.264513997,14610.6272096928,473995.051758374
129,1964,201700.568,270050.518,15732.3437953687,0.00707581191687323,0.00551045995325528,0.0459773811370082,0,0,0,16971.95,201700.568,270050.518,15732.3437953687,487483.429795369
130,1964,201700.568,270050.518,15732.3437953687,0.00707581191687323,0.00551045995325528,0.0459773811370082,0.0508262624326415,0.00658575771719153,0,0,200273.372717306,268562.415435205,15009.0118285106,483844.799981021
131,1965,206120.678,275492.973,16087.6237711813,0.00526713371189835,0.00700664476850244,0.0391880676480807,0,0,0,17443.549,206120.678,275492.973,16087.6237711813,497701.274771181
132,1965,206120.678,275492.973,16087.6237711813,0.00526713371189835,0.00700664476850244,0.0391880676480807,0.0523116410804814,0.00645033498415575,0,0,205035.012828187,273562.69160197,15457.1808825394,494054.885312697
133,1966,210937.633,280607.082,16616.0148324658,0.00587182748759574,0.0060679472591727,0.0399328676262074,0,0,0,17708.285,210937.633,280607.082,16616.0148324658,508160.729832466
134,1966,210937.633,280607.082,16616.0148324658,0.00587182748759574,0.0060679472591727,0.0399328676262074,0.0539869558067335,0.00632444009702338,0,0,209699.043608382,278904.373025874,15952.4897116859,504555.906345942
135,1967,215039.991,286769.095,17079.3750517207,0.00605053361864893,0.00525238301962316,0.040866717409176,0,0,0,17893.277,215039.991,286769.095,17079.3750517207,518888.461051721
136,1967,215039.991,286769.095,17079.3750517207,0.00605053361864893,0.00525238301962316,0.040866717409176,0.0552505176509813,0.00628806677726605,0,0,213738.884305101,285262.873874869,16381.3970579567,515383.155237926
137,1968,218680.22,293779.996,17505.6951336217,0.00574136383404711,0.00467929160705438,0.0420624378803985,0,0,0,18043.754,218680.22,293779.996,17505.6951336217,529965.911133622
138,1968,218680.22,293779.996,17505.6951336217,0.00574136383404711,0.00467929160705438,0.0420624378803985,0.0557014320394437,0.0063798977392047,0,0,217424.697293671,292405.313730397,16769.3629195105,526599.373943578
139,1969,222291.697,301282.415,17929.5186334147,0.00530309611892488,0.00423068095746804,0.043351602892922,0,0,0,18226.181,222291.697,301282.415,17929.5186334147,541503.630633415
140,1969,222291.697,301282.415,17929.5186334147,0.00530309611892488,0.00423068095746804,0.043351602892922,0.0556361074891854,0.00653835032492624,0,0,221112.86276437,300007.78522404,17152.2452615577,538272.893249967
141,1970,226128.011,309078.851,18370.2239362566,0.00379959693675902,0.00498777613886114,0.0373937495712066,0,0,0,18489.59,226128.011,309078.851,18370.2239362566,553577.085936257
142,1970,226128.011,309078.851,18370.2239362566,0.00379959693675902,0.00498777613886114,0.0373937495712066,0.055519366766414,0.00664248022124575,0,0,225268.815702089,307537.234881956,17683.2923828173,550489.342966862
143,1971,230691.162,316467.28,19064.8577758598,0.00392157141967242,0.00434598690278665,0.0381210399719322,0,0,0,18785.059,230691.162,316467.28,19064.8577758598,566223.29977586
144,1971,230691.162,316467.28,19064.8577758598,0.00392157141967242,0.00434598690278665,0.0381210399719322,0.0553741475082906,0.00674988117091183,0,0,229786.49013233,315091.91734596,18338.085570527,563216.493048816
145,1972,235324.167,324319.93,19765.8516774843,0.00416570390157334,0.00382488476328358,0.0389449676918568,0,0,0,19163.032,235324.167,324319.93,19765.8516774842,579409.948677485
146,1972,235324.167,324319.93,19765.8516774843,0.00416570390157334,0.00382488476328358,0.0389449676918568,0.0553289388666072,0.00679852910245363,0,0,234343.876199394,323079.443641314,18996.0712225026,576419.39106321
147,1973,239991.363,332613.235,20452.73484247,0.00458596770899855,0.00336444370492572,0.0398090452715374,0,0,0,19589.692,239991.363,332613.235,20452.73484247,593057.33284247
148,1973,239991.363,332613.235,20452.73484247,0.00458596770899855,0.00336444370492572,0.0398090452715374,0.0555113116345187,0.00677421251782274,0,0,238890.770358843,331494.176495329,19638.5309951994,590023.477849372
149,1974,244551.882,341394.411,21102.351825745,0.00500014173612717,0.00298933679139524,0.0407382733106846,0,0,0,20017.797,244551.882,341394.411,21102.351825745,607048.644825745
150,1974,244551.882,341394.411,21102.351825745,0.00500014173612717,0.00298933679139524,0.0407382733106846,0.0558756543073631,0.00672040427953098,0,0,243329.087928163,340373.868126821,20242.6784495696,603945.634504554
151,1975,248929.531,350665.098,21705.4766823507,0.00322371748636507,0.00442026104183701,0.0361644462347169,0,0,0,20413.295,248929.531,350665.098,21705.4766823507,621300.105682351
152,1975,248929.531,350665.098,21705.4766823507,0.00322371748636507,0.00442026104183701,0.0361644462347169,0.0559924073534455,0.00665691407070331,0,0,248127.052518043,349115.066728579,20920.5101378729,618162.629384494
153,1976,254140.921,359141.089,22487.960473789,0.00370674442591001,0.00383912258369534,0.036826958844439,0,0,0,20706.991,254140.921,359141.089,22487.960473789,635769.970473789
154,1976,254140.921,359141.089,22487.960473789,0.00370674442591001,0.00383912258369534,0.036826958844439,0.0561149112829048,0.00661358668747564,0,0,253198.885557688,357762.302334487,21659.7972789254,632620.9851711
155,1977,259023.954,368230.95,23228.2248159555,0.00391931100440512,0.00338252815686868,0.0375942684991478,0,0,0,20971.845,259023.954,368230.95,23228.2248159555,650483.128815956
156,1977,259023.954,368230.95,23228.2248159555,0.00391931100440512,0.00338252815686868,0.0375942684991478,0.0562402109161334,0.00659329229517892,0,0,258008.758566683,366985.398443395,22354.9766954659,647349.133705544
157,1978,263731.19,377834.885,23934.1996992844,0.0038533952952865,0.00308363899150566,0.0384910381603417,0,0,0,21244.115,263731.19,377834.885,23934.1996992844,665500.274699285
158,1978,263731.19,377834.885,23934.1996992844,0.0038533952952865,0.00308363899150566,0.0384910381603417,0.056284810420363,0.00660601179404672,0,0,262714.929473234,376669.778616263,23012.947505322,662397.655594819
159,1979,268491.454,387806.84,24615.4402647127,0.00372119830343887,0.00288403195493869,0.0394465457932294,0,0,0,21575.729,268491.454,387806.84,24615.4402647127,680913.734264713
160,1979,268491.454,387806.84,24615.4402647127,0.00372119830343887,0.00288403195493869,0.0394465457932294,0.0562813939706562,0.006641913873319,0,0,267492.344056887,386688.392681096,23644.4461730902,677825.182911074
161,1980,273441.676,398059.662,25280.1054443678,0.00246112497030682,0.00385062523098068,0.0358591111986623,0,0,0,21999.566,273441.676,398059.662,25280.1054443678,696781.443444368
162,1980,273441.676,398059.662,25280.1054443678,0.00246112497030682,0.00385062523098068,0.0358591111986623,0.05616639994012,0.00663802912247517,0,0,272768.701863274,396526.883422067,24373.5833321244,693669.168617466
163,1981,279295.802,407688.286,26131.7252971078,0.00271987107450467,0.0036424901104678,0.0369064897392755,0,0,0,22518.854,279295.802,407688.286,26131.7252971078,713115.813297108
164,1981,279295.802,407688.286,26131.7252971078,0.00271987107450467,0.0036424901104678,0.0369064897392755,0.0560007338655702,0.00664612300466413,0,0,278536.15342691,406203.285450092,25167.2950455606,709906.733922562
165,1982,285305.307,417622.246,26938.1355291963,0.00317510962813228,0.0034210530121862,0.0379363808204489,0,0,0,23124.965,285305.307,417622.246,26938.1355291963,729865.688529196
166,1982,285305.307,417622.246,26938.1355291963,0.00317510962813228,0.0034210530121862,0.0379363808204489,0.0558847003430429,0.00665304899316586,0,0,284399.431372787,416193.538157366,25916.2001611678,726509.169691321
167,1983,291350.346,427894.339,27701.9893224348,0.00382718355484279,0.00311204172377877,0.0388513357403828,0,0,0,23747.491,291350.346,427894.339,27701.9893224348,746946.674322435
168,1983,291350.346,427894.339,27701.9893224348,0.00382718355484279,0.00311204172377877,0.0388513357403828,0.0558841060806667,0.00666023284970475,0,0,290235.294747091,426562.713963664,26625.7300345924,743423.738745347
169,1984,297196.716,438613.766,28432.2918576856,0.00440210827156473,0.00279125334340147,0.0396981387327185,0,0,0,24291.745,297196.716,438613.766,28432.2918576856,764242.773857686
170,1984,297196.716,438613.766,28432.2918576856,0.00440210827156473,0.00279125334340147,0.0396981387327185,0.0560146246438548,0.00667603385027896,0,0,295888.423878214,437389.483859191,27303.5827910301,760581.490528435
171,1985,302701.863,449822.671,29139.7083734915,0.00255844208854539,0.00415240079906387,0.0363994861417657,0,0,0,24690.051,302701.863,449822.671,29139.7083734915,781664.242373492
172,1985,302701.863,449822.671,29139.7083734915,0.00255844208854539,0.00415240079906387,0.0363994861417657,0.0560044500842561,0.006655300535746,0,0,301927.41781342,447954.826981503,28079.0379623755,777961.282757298
173,1986,309117.827,460022.744,30038.2494091899,0.00304045648150597,0.00353806257962186,0.0370671293386528,0,0,0,24872.152,309117.827,460022.744,30038.2494091899,799178.82040919
174,1986,309117.827,460022.744,30038.2494091899,0.00304045648150597,0.00353806257962186,0.0370671293386528,0.05607738648228,0.00665193331222061,0,0,308177.967699349,458395.154743679,28924.8177332328,795497.94017626
175,1987,314882.171,471005.925,30901.871773218,0.00312269583571689,0.00311647630495682,0.0378963807815087,0,0,0,24923.02,314882.171,471005.925,30901.8717732181,816789.967773218
176,1987,314882.171,471005.925,30901.871773218,0.00312269583571689,0.00311647630495682,0.0378963807815087,0.056224722596903,0.00666159648902949,0,0,313898.889755877,469538.046195244,29730.8026736388,813167.738624759
177,1988,320158.702,482595.747,31731.9858545787,0.00286332035140791,0.00291460360658347,0.0389077422828851,0,0,0,24888.901,320158.702,482595.747,31731.9858545787,834486.434854579
178,1988,320158.702,482595.747,31731.9858545787,0.00286332035140791,0.00291460360658347,0.0389077422828851,0.0563515541224721,0.00669156371215915,0,0,319241.985072883,481189.171695272,30497.3659268246,830928.52269498
179,1989,325179.83,494556.57,32530.6902730369,0.00255690512681861,0.00280071834170903,0.0399574362603825,0,0,0,24841.719,325179.83,494556.57,32530.6902730369,852267.090273037
180,1989,325179.83,494556.57,32530.6902730369,0.00255690512681861,0.00280071834170903,0.0399574362603825,0.0564871026163473,0.00674074494223223,0,0,324348.376025535,493171.456343389,31230.8472899458,848750.67965887
181,1990,330035.881,506787.379,33307.2857,0.00182219558434293,0.00349036713057338,0.0340343985272169,0,0,0,24838.333,330035.881,506787.379,33307.2857,870130.5457
182,1990,330035.881,506787.379,33307.2857,0.00182219558434293,0.00349036713057338,0.0340343985272169,0.056609898189914,0.00676877177018826,0,0,329434.491074967,505018.504990149,32173.6922646264,866626.688329743
183,1991,335068.163,518486.703,34497.035,0.00181809956550827,0.00330959035819922,0.0348507957052064,0,0,0,24883.219,335068.163,518486.703,34497.035,888051.901000001
184,1991,335068.163,518486.703,34497.035,0.00181809956550827,0.00330959035819922,0.0348507957052064,0.0567358760793877,0.00680477208540777,0,0,334458.975718434,516770.724406897,33294.7858807797,884524.486006111
185,1992,339847.574,530519.741,35650.9431,0.00188491480263087,0.00310557685234048,0.035617217570708,0,0,0,24972.501,339847.574,530519.741,35650.9431,906018.2581
186,1992,339847.574,530519.741,35650.9431,0.00188491480263087,0.00310557685234048,0.035617217570708,0.0570924525587695,0.00684561071151193,0,0,339206.990277129,528872.171172641,34381.1557030064,902460.317152777
187,1993,344302.685,542975.424,36777.0476,0.00203478158882342,0.00285006778472063,0.0362781842358529,0,0,0,25101.23,344302.685,542975.424,36777.0476,924055.1566
188,1993,344302.685,542975.424,36777.0476,0.00203478158882342,0.00285006778472063,0.0362781842358529,0.057784224122176,0.00689448207251678,0,0,343602.104235579,541427.907236163,35442.8430915165,920472.854563259
189,1994,348305.135,556006.717,37889.9061,0.00217918557065455,0.00260226636872374,0.0368644516098261,0,0,0,25256.967,348305.135,556006.717,37889.9061,942201.7581
190,1994,348305.135,556006.717,37889.9061,0.00217918557065455,0.00260226636872374,0.0368644516098261,0.0587068311481236,0.00695262391166937,0,0,347546.113475623,554559.839419567,36493.1154900757,938599.068385266
191,1995,351812.243,569664.412,39003.4628,0.00149437757707094,0.00322233053719589,0.0321895907191688,0,0,0,25426.828,351812.243,569664.412,39003.4628,960480.1178
192,1995,351812.243,569664.412,39003.4628,0.00149437757707094,0.00322233053719589,0.0321895907191688,0.0595570021643892,0.0069807805531208,0,0,351286.502672722,567828.764969259,37747.9572958377,956863.224937818
193,1996,355436.705,582956.716,40496.754,0.00163134660046416,0.00300910204741378,0.0327584746923024,0,0,0,25596.728,355436.705,582956.716,40496.754,978890.175
194,1996,355436.705,582956.716,40496.754,0.00163134660046416,0.00300910204741378,0.0327584746923024,0.0604427873413884,0.00701194630315388,0,0,354856.864539618,581202.539752331,39170.1421089706,975229.54640092
195,1997,358612.537,596826.819,41962.349,0.00183951806833538,0.00280014696647679,0.0332662484133167,0,0,0,25783.105,358612.537,596826.819,41962.349,997401.705
196,1997,358612.537,596826.819,41962.349,0.00183951806833538,0.00280014696647679,0.0332662484133167,0.0612054303216217,0.00704931430679403,0,0,357952.862758657,595155.616193266,40566.4190741597,993674.898026082
197,1998,361355.075,611202.313,43412.3655,0.00208327542405795,0.002609733842869,0.0337184123079427,0,0,0,25969.332,361355.075,611202.313,43412.3655,1015969.7535
198,1998,361355.075,611202.313,43412.3655,0.00208327542405795,0.002609733842869,0.0337184123079427,0.0617312193400429,0.00709834256030116,0,0,360602.272852894,609607.237638924,41948.5694608079,1012158.07995263
199,1999,363723.543,625949.542,44861.3313,0.00229817822197065,0.00245222568734593,0.0341223062857068,0,0,0,26132.922,363723.543,625949.542,44861.3313,1034534.4163
200,1999,363723.543,625949.542,44861.3313,0.00229817822197065,0.00245222568734593,0.0341223062857068,0.0621028892260409,0.00715667154025031,0,0,362887.641474659,624414.572454125,43330.5592129969,1030632.77314178
201,2000,365773.765,640951.008,46320.7506,0.00131564674608609,0.0031717916693893,0.0315130454959343,0,0,0,26256.475,365773.765,640951.008,46320.7506,1053045.5236
202,2000,365773.765,640951.008,46320.7506,0.00131564674608609,0.0031717916693893,0.0315130454959343,0.0623995175307291,0.00718186633856293,0,0,365292.535936274,638918.044932339,44861.0426789364,1049071.62354755
203,2001,368339.237,655096.984,48035.9586,0.00159050635110325,0.00292189627603989,0.0319501857165709,0,0,0,26321.375,368339.237,655096.984,48035.9586,1071472.1796
204,2001,368339.237,655096.984,48035.9586,0.00159050635110325,0.00292189627603989,0.0319501857165709,0.0626933906191171,0.00723261019188479,0,0,367753.391104191,653182.858562006,46501.2008016565,1067437.45046785
205,2002,370455.776,669605.816,49739.6958,0.00173382320674809,0.00273325988449547,0.0323796800306454,0,0,0,26343.006,370455.776,669605.816,49739.6958000001,1089801.2878
206,2002,370455.776,669605.816,49739.6958,0.00173382320674809,0.00273325988449547,0.0323796800306454,0.0629484748779307,0.00724754233713949,0,0,369813.471178497,667775.609284702,48129.1403651744,1085718.22082837
207,2003,372221.586,684389.867,51410.4662,0.00175327311179219,0.00260594716303209,0.0327997964093935,0,0,0,26328.5,372221.586,684389.867,51410.4662,1108021.9192
208,2003,372221.586,684389.867,51410.4662,0.00175327311179219,0.00260594716303209,0.0327997964093935,0.0631191845083746,0.00721022117777496,0,0,371568.979901638,682606.383167684,49724.213375328,1103899.57644465
209,2004,373755.592,699358.935,53015.0123,0.00172680156278959,0.00251119851636739,0.0331812190606069,0,0,0,26291.205,373755.592,699358.935,53015.0123,1126129.5393
210,2004,373755.592,699358.935,53015.0123,0.00172680156278959,0.00251119851636739,0.0331812190606069,0.0632303448575964,0.00715571048954409,0,0,373110.190259633,697602.70588002,51255.909563373,1121968.80570303
211,2005,375114.219,714450.93,54547.019,0.00105479919515328,0.00298068793871376,0.03064322777143,0,0,0,26240.202,375114.219,714450.93,54547.019,1144112.168
212,2005,375114.219,714450.93,54547.019,0.00105479919515328,0.00298068793871376,0.03064322777143,0.0632616374994356,0.00709955671611826,0,0,374718.548823708,712321.374730146,52875.5222725305,1139915.44582638
213,2006,376811.884,728846.31,56312.4116,0.00114559354250665,0.00283523413144926,0.03115583925341,0,0,0,26193.897,376811.884,728846.31,56312.4116,1161970.6056
214,2006,376811.884,728846.31,56312.4116,0.00114559354250665,0.00283523413144926,0.03115583925341,0.0632512930296215,0.00708810643093095,0,0,376380.21073895,726779.860065307,54557.9511562186,1157718.02196048
215,2007,378289.367,743374.311,58009.6454,0.00125784201168644,0.00271793993486813,0.0316208000288271,0,0,0,26146.87,378289.367,743374.311,58009.6454,1179673.3234
216,2007,378289.367,743374.311,58009.6454,0.00125784201168644,0.00271793993486813,0.0316208000288271,0.0633359727650342,0.00709735964640271,0,0,377813.538741613,741353.864273578,56175.3340030635,1175342.73701825
217,2008,379470.915,758006.442,59660.68,0.00144289719852964,0.00258681593668997,0.0319942453333321,0,0,0,26061.794,379470.915,758006.442,59660.68,1197138.037
218,2008,379470.915,758006.442,59660.68,0.00144289719852964,0.00258681593668997,0.0319942453333321,0.0635792733618892,0.00712355559728173,0,0,378923.377479823,756045.618855721,57751.8815673266,1192720.87790287
219,2009,380174.492,772795.808,61289.8867,0.00161366420789311,0.00244508515402064,0.032278452058328,0,0,0,25889.535,380174.492,772795.808,61289.8867,1214260.1867
220,2009,380174.492,772795.808,61289.8867,0.00161366420789311,0.00244508515402064,0.032278452058328,0.0639606936614149,0.00717714631806306,0,0,379561.018029506,770906.25644277,59311.5440304937,1209778.81850277
221,2010,380274.337,787765.404,62929.9662,0.000939017228728689,0.00287505684300082,0.0296094111485514,0,0,0,25602.789,380274.337,787765.404,62929.9662,1230969.7072
222,2010,380274.337,787765.404,62929.9662,0.000939017228728689,0.00287505684300082,0.0296094111485514,0.0643199691957944,0.00720576340470451,0,0,379917.252845914,785500.533684551,61066.6469572198,1226484.43348768
223,2011,380287.007,802018.31,64918.6305,0.00104414769788008,0.00260074158218504,0.0299022087331962,0,0,0,25162.769,380287.007,802018.31,64918.6305,1247223.9475
224,2011,380287.007,802018.31,64918.6305,0.00104414769788008,0.00260074158218504,0.0299022087331962,0.0647387755777068,0.00723944237086232,0,0,379889.931197107,799932.467631509,62977.4200601158,1242799.81888873
225,2012,379512.707,816654.594,66885.3211,0.000863020724724994,0.00240896712983985,0.0302084259006147,0,0,0,24613.046,379512.707,816654.594,66885.3211,1263052.6221
226,2012,379512.707,816654.594,66885.3211,0.000863020724724994,0.00240896712983985,0.0302084259006147,0.0652705757688977,0.00739973975357537,0,0,379185.179668562,814687.299926622,64864.8208337119,1258737.3004289
227,2013,378168.02,831445.906,68933.8307,0.000384026088087297,0.00235697411315761,0.0305456991170655,0,0,0,24059.72,378168.02,831445.906,68933.8307,1278547.7567
228,2013,378168.02,831445.906,68933.8307,0.000384026088087297,0.00235697411315761,0.0305456991170655,0.0658517989404011,0.00772959565378007,0,0,378022.79361464,829486.209523068,66828.1986484511,1274337.20178616
229,2014,376631.361,846013.02,71198.4776,0,0.00237919205018322,0.0307801076317821,0,0,0,23647.219,376631.361,846013.02,71198.4776,1293842.8586
230,2014,376631.361,846013.02,71198.4776,0,0.00237919205018322,0.0307801076317821,0.0664224506785031,0.00815323036742656,0,0,376631.361,844000.192548465,69006.980796253,1289638.53434472
231,2015,375144.882,860127.604,73764.2665,0.000363890977227888,0.00236065684606235,0.0287171521858156,0,0,0,23473.281,375087.864,860127.604000001,73764.2665,1308979.7345
232,2015,375144.882,860127.604,73764.2665,0.000363890977227888,0.00236065684606235,0.0287171521858156,0.0670292052124651,0.00850634581768543,0,0,374951.372910623,858097.137883131,71645.9668330445,1304694.4776268
233,2016,373356.04,873908.707,76887.7697,9.8969414023431e-05,0.00256890171211199,0.0292723161626137,0,0,0,23620.645,373302.8839696,873904.886519522,76887.7697,1324095.54018912
234,2016,373356.04,873908.707,76887.7697,9.8969414023431e-05,0.00256890171211199,0.0292723161626137,0.0675614473826525,0.00886836495541025,0,0,373265.93840192,871659.910760319,74637.0865963034,1319562.93575854
235,2017,372060.792,886916.249,80182.5182,0.000419692886608036,0.00261622030258291,0.0295516979780752,0,0,0,24000.628,372011.237433644,886908.890974642,80182.4844056229,1339102.61281391
236,2017,372060.792,886916.249,80182.5182,0.000419692886608036,0.00261622030258291,0.0295516979780752,0.0679904234327827,0.00914376855742861,0,0,371855.106963555,884588.541927533,77812.9558433362,1334256.60473442
237,2018,370948.441,899478.997,83602.0227,0.00129597798980108,0.00244202981186192,0.0295161676103703,0,0,0,24485.84,370902.295842218,899468.376706866,83601.9237694112,1353972.5963185
238,2018,370948.441,899478.997,83602.0227,0.00129597798980108,0.00244202981186192,0.0295161676103703,0.0683937088200083,0.00929260576748654,0,0,370421.61463044,897271.848116121,81134.3153748839,1348827.77812144
239,2019,369543.688,912090.82,87077.7265,0.00217832366213788,0.00219352529692685,0.0292997603382115,0,0,0,24893.766,369500.814319261,912077.198014542,87077.5348741333,1368655.54720794
240,2019,369543.688,912090.82,87077.7265,0.00217832366213788,0.00219352529692685,0.0292997603382115,0.0688048117701261,0.00937597031207511,0,0,368695.92195225,910076.533607946,84526.183971479,1363298.63953168
241,2020,367656.95,924931.839,90582.7456,0.000798337041129416,0.00277762794684067,0.02841280183529,0,0,0,25092.477,367617.20639099,924915.460658851,90582.4375996354,1383115.10464948
242,2020,367656.95,924931.839,90582.7456,0.000798337041129416,0.00277762794684067,0.02841280183529,0.0690807726742963,0.00942452008107357,0,0,367323.723958172,922346.38962686,88008.7367503594,1377678.85033539
243,2021,366707.894,936485.666,94201.2787,0.0014128739030399,0.00237372115704404,0.0283670823197009,0,0,0,25015.488,366670.95715062,936466.789120251,94200.8340240413,1397338.58029491
244,2021,366707.894,936485.666,94201.2787,0.0014128739030399,0.00237372115704404,0.0283670823197009,0.0693987878693319,0.00949998849731164,0,0,366152.897324259,934243.878090048,91528.6312106969,1391925.406625
245,2022,364994.311,948582.673,97808.1358,0.00149463888131229,0.00212538247877403,0.0283899912347176,0,0,0,24735.036,364960.03820196,948561.504784395,97807.5370900727,1411329.08007643
246,2022,364994.311,948582.673,97808.1358,0.00149463888131229,0.00212538247877403,0.0283899912347176,0.0695162054223996,0.00960244981050468,0,0,364414.554738738,946545.448782086,95030.7819693963,1405990.78549022
247,2023,362902.94,960800.494,101422.7821,0.00101987941314408,0.00209411237291524,0.0285397962954096,0,0,0,24333.979,362871.148530179,960777.23955072,101422.014067548,1425070.40214845
248,2023,362902.94,960800.494,101422.7821,0.00101987941314408,0.00209411237291524,0.0285397962954096,0.0691626948670092,0.00974159399515056,0,0,362501.063716169,958765.264045762,98527.4504461903,1419793.77820812
249,2024,361028.933,972514.278,105056.3499,0.000467630040377642,0.00215179512112107,0.0286605539068173,0,0,0,23939.597,360999.402885274,972489.150363383,105055.399019937,1438543.95226859
250,2024,361028.933,972514.278,105056.3499,0.000467630040377642,0.00215179512112107,0.0286605539068173,0.0684374877024878,0.00990786142562146,0,0,360830.588719927,970396.552954288,102044.453093124,1433271.59476734
251,2025,359641.618,983415.034,108735.5027,0.000301157606878655,0.00227804755778394,0.0276117271313044,0,0,0,23646.621,359614.135518953,983388.242789717,108734.357118929,1451736.7354276
252,2025,359641.618,983415.034,108735.5027,0.000301157606878655,0.00227804755778394,0.0276117271313044,0.0676980835371512,0.0100226069023514,0,0,359505.8349865,981148.037604877,105732.013720363,1446385.88631174
253,2026,358593.702,993445.392,112647.5824,0.000141476519113559,0.00229814990922461,0.0279927648462065,0,0,0,23508.385,358568.096020567,993417.130669069,112646.2313024,1464631.45799204
254,2026,358593.702,993445.392,112647.5824,0.000141476519113559,0.00229814990922461,0.0279927648462065,0.066804330424691,0.0101613932889464,0,0,358517.367054477,991134.109180399,109492.951838741,1459144.42807362
255,2027,358003.533,1002765.099,116500.8079,0.000171839884422265,0.00229751722802241,0.0282661696012162,0,0,0,23463.512,357979.644613647,1002735.54358358,116499.244871073,1477214.4330683
256,2027,358003.533,1002765.099,116500.8079,0.000171839884422265,0.00229751722802241,0.0282661696012162,0.0661901008885554,0.0103063784003307,0,0,357918.129432891,1000431.74139705,113206.257457134,1471556.12828707
257,2028,357656.911,1011543.738,120318.9581,0.000475216274853252,0.00222229719085287,0.0283841776261844,0,0,0,23468.624,357634.61172589,1011513.0412422,120317.178274471,1489464.83124256
258,2028,357656.911,1011543.738,120318.9581,0.000475216274853252,0.00222229719085287,0.0283841776261844,0.0661475984617184,0.0104479183741877,0,0,357464.657937948,1009265.15865213,116902.074114848,1483631.89070493
259,2029,357127.579,1020154.695,124130.6251,0.000823344555320626,0.00212359584843935,0.0283722868210855,0,0,0,23457.419,357106.775257276,1020122.98018726,124128.624873811,1501358.38031835
260,2029,357127.579,1020154.695,124130.6251,0.000823344555320626,0.00212359584843935,0.0283722868210855,0.0665246770333721,0.0105943113624277,0,0,356812.7533382,1017956.65126164,120606.811926185,1495376.21652602
261,2030,356182.705,1028779.854,127971.6942,0.000391315380470325,0.00238114793185573,0.027468552811597,0,0,0,23381.198,356163.318323258,1028747.22620342,127969.470582558,1512880.01510923
262,2030,356182.705,1028779.854,127971.6942,0.000391315380470325,0.00238114793185573,0.027468552811597,0.0668719571829295,0.0106955843706347,0,0,356023.946138838,1026297.62687334,124454.334421589,1506775.90743377
263,2031,355336.282,1036718.446,132015.0581,0.000539493771535393,0.00227055220442085,0.0277220553793945,0,0,0,23241.596,355318.206410604,1036685.02562633,132012.606821504,1524015.83885844
264,2031,355336.282,1036718.446,132015.0581,0.000539493771535393,0.00227055220442085,0.0277220553793945,0.0672727962807544,0.0108223646063889,0,0,355126.514451333,1034331.17815611,128352.94602442,1517810.63863186
265,2032,354107.488,1044713.243,135991.3258,0.000634659880555111,0.00217770689047869,0.0279130201402451,0,0,0,23046.075,354090.6472481,1044679.11974626,135988.647680383,1534758.41467474
266,2032,354107.488,1044713.243,135991.3258,0.000634659880555111,0.00217770689047869,0.0279130201402451,0.0676467219370132,0.0109790138137168,0,0,353865.920120212,1042404.11482885,132192.793818836,1528462.8287679
267,2033,352530.823,1052662.104,139950.3674,0.000639738782184929,0.00212559618033303,0.0280604256865684,0,0,0,22811.676,352515.142116259,1052627.3645305,139947.462878757,1545089.96952551
268,2033,352530.823,1052662.104,139950.3674,0.000639738782184929,0.00212559618033303,0.0280604256865684,0.0678669305141338,0.0111687029618074,0,0,352289.62450854,1050389.90382514,136020.477496624,1538700.0058303
269,2034,350734.983,1060369.79,143938.3088,0.00063425537113504,0.00209585411948643,0.0281205017678318,0,0,0,22564.95,350720.385705809,1060334.52169517,143935.177825883,1554990.08522687
270,2034,350734.983,1060369.79,143938.3088,0.00063425537113504,0.00209585411948643,0.0281205017678318,0.0679817471094023,0.0113857094867996,0,0,350497.939417408,1058112.21521985,139887.648403377,1548497.80304063
271,2035,348788.13,1067710.382,148004.6539,0.00030200255296875,0.00230878874981955,0.0273101087706814,0,0,0,22326.371,348774.54293692,1067674.67036761,148001.295826079,1564450.50913061
272,2035,348788.13,1067710.382,148004.6539,0.00030200255296875,0.00230878874981955,0.0273101087706814,0.0681711209570057,0.0115552956795326,0,0,348669.212134543,1065209.6351002,143959.364338867,1557838.21157361
273,2036,346924.035,1074246.711,152340.2196,0.000345148078436663,0.00224722119219334,0.0275886876750949,0,0,0,22116.64,346911.382107929,1074210.64981862,152336.630734484,1573458.66266103
274,2036,346924.035,1074246.711,152340.2196,0.000345148078436663,0.00224722119219334,0.0275886876750949,0.0683763590967543,0.0117587107516549,0,0,346791.646311006,1071796.66088147,148133.863007674,1566722.17020015
275,2037,344884.552,1080533.841,156653.8077,0.000408559279810428,0.00218760850276978,0.0277811113998164,0,0,0,21913.171,344872.772700748,1080497.49993143,156649.991046945,1582020.26367913
276,2037,344884.552,1080533.841,156653.8077,0.000408559279810428,0.00218760850276978,0.0277811113998164,0.0686085857118106,0.0119705568972106,0,0,344731.871729107,1078133.79441336,152298.080194889,1575163.74633736
277,2038,342668.935,1086557.52,160976.9738,0.000494271118230194,0.002126626024337,0.0278873243191288,0,0,0,21718.511,342657.973154747,1086520.96399787,160972.932191848,1590151.86934446
278,2038,342668.935,1086557.52,160976.9738,0.000494271118230194,0.002126626024337,0.0278873243191288,0.0688739943173627,0.012180301361878,0,0,342488.607215185,1084210.34023984,156483.827825212,1583182.77528024
279,2039,340274.999,1092323.891,165330.1849,0.000584215913345343,0.0020712703817215,0.0279143692713242,0,0,0,21534.036,340264.802601216,1092287.18001775,165325.921251738,1597877.9038707
280,2039,340274.999,1092323.891,165330.1849,0.000584215913345343,0.0020712703817215,0.0279143692713242,0.0691557793783147,0.0123999933291108,0,0,340066.014488785,1090024.75793344,160710.952435795,1590801.72485802
281,2040,337719.598,1097805.062,169745.5905,0.000289921562171336,0.00230290296188584,0.0268921317333984,0,0,0,21360.306,337710.118239483,1097768.2524821,169741.107290496,1605219.47801208
282,2040,337719.598,1097805.062,169745.5905,0.000289921562171336,0.00230290296188584,0.0268921317333984,0.0694369466937354,0.0125718899987056,0,0,337612.208794442,1095240.198722,165176.407072667,1598028.81458911
283,2041,335294.809,1102428.325,174508.4077,0.000356888475260053,0.00223341188839976,0.0271287516518546,0,0,0,21214.426,335285.992790246,1102391.4884691,174503.700674913,1612181.18193426
284,2041,335294.809,1102428.325,174508.4077,0.000356888475260053,0.00223341188839976,0.0271287516518546,0.0696996667818692,0.0127628454925553,0,0,335166.333083503,1099929.39421309,169769.633116974,1604865.36041356
285,2042,332774.986,1106832.369,179207.148,0.000461639141815295,0.00216502345748315,0.0272882535478686,0,0,0,21081.056,332766.79034951,1106795.55164901,179202.223813178,1618764.5658117
286,2042,332774.986,1106832.369,179207.148,0.000461639141815295,0.00216502345748315,0.0272882535478686,0.0699199435581958,0.0130209159575432,0,0,332613.172173988,1104399.31331705,174312.108093423,1611324.59358446
287,2043,330167.742,1110921.019,183940.8632,0.000589539349959756,0.00209897973062279,0.0273706398813255,0,0,0,20956.796,330160.126689511,1110884.26648014,183935.725733575,1624980.11890323
288,2043,330167.742,1110921.019,183940.8632,0.000589539349959756,0.00209897973062279,0.0273706398813255,0.0700657851856425,0.0133662692685563,0,0,329965.48430304,1108552.54292173,178901.287223212,1617419.31444798
289,2044,327495.154,1114564.434,188827.2066,0.000713682021453388,0.00204118201210013,0.0273586710880754,0,0,0,20836.415,327488.080924062,1114527.79255863,188821.856303354,1630837.72978604
290,2044,327495.154,1114564.434,188827.2066,0.000713682021453388,0.00204118201210013,0.0273586710880754,0.0701482977653411,0.013767226343638,0,0,327254.358568466,1112252.83847647,183655.941242511,1623163.13828745
291,2045,324786.592,1117662.712,193949.5603,0.000293799127806249,0.00230331540906481,0.0263961547400541,0,0,0,20715.558,324780.024826447,1117626.22760087,193943.995331345,1636350.24775866
292,2045,324786.592,1117662.712,193949.5603,0.000293799127806249,0.00230331540906481,0.0263961547400541,0.0702056203167622,0.0140972377169194,0,0,324684.604738424,1115051.98188926,188824.619619675,1628561.20624736
293,2046,322407.158,1119595.461,199565.3168,0.000421098235104611,0.00220594461935708,0.0265611261730454,0,0,0,20606.527,322401.055601776,1119559.19670502,199559.528596877,1641519.78090367
294,2046,322407.158,1119595.461,199565.3168,0.000421098235104611,0.00220594461935708,0.0265611261730454,0.0702220628251179,0.0144535991484589,0,0,322265.293086266,1117089.51111899,194259.002778782,1633613.80698404
295,2047,320001.627,1121145.453,205251.2367,0.000527083104117421,0.00212187490033811,0.0266642978160534,0,0,0,20496.504,319995.958082653,1121109.4431734,205245.228902387,1646350.63015844
296,2047,320001.627,1121145.453,205251.2367,0.000527083104117421,0.00212187490033811,0.0266642978160534,0.0702028491111522,0.014787383842608,0,0,319827.293619762,1118730.5891854,199772.508993609,1638330.39179877
297,2048,317594.523,1122302.195,210995.037,0.000614265686670223,0.00205365066056185,0.0267069141164121,0,0,0,20383.327,317589.257821443,1122266.47142483,210988.813957095,1650844.54320337
298,2048,317594.523,1122302.195,210995.037,0.000614265686670223,0.00205365066056185,0.0267069141164121,0.0701300301910336,0.0150741406419929,0,0,317394.173637908,1119961.72814446,205353.953823219,1642709.85560559
299,2049,315209.939,1123073.529,216758.4765,0.000693926063206618,0.00200117778157294,0.0266174727466215,0,0,0,20264.703,315205.049308209,1123038.12037764,216752.044018696,1654995.21370454
300,2049,315209.939,1123073.529,216758.4765,0.000693926063206618,0.00200117778157294,0.0266174727466215,0.0700107575620293,0.0153347228669586,0,0,314986.32030924,1120790.72144328,210982.652394254,1646759.69414677
301,2050,312858.792,1123448.303,222560.479,0.000261418865151297,0.00223708306348358,0.0258297500966559,0,0,0,20138.939,312854.251185498,1123413.23575507,222553.842499331,1658821.3294399
302,2050,312858.792,1123448.303,222560.479,0.000261418865151297,0.00223708306348358,0.0258297500966559,0.0698621882810687,0.0155379019591143,0,0,312772.465182195,1120900.06703207,216805.332364523,1650477.86457878
303,2051,310862.547,1122861.738,228628.5819,0.000366679419649962,0.00213346788434687,0.0259781732901946,0,0,0,20018.594,310858.325707604,1122827.05398044,228621.740157434,1662307.11984547
304,2051,310862.547,1122861.738,228628.5819,0.000366679419649962,0.00213346788434687,0.0259781732901946,0.0696668553924002,0.0157731931687316,0,0,310744.34035714,1120431.53852109,222682.564973718,1653858.44385195
305,2052,308876.712,1122051.216,234577.4986,0.000441715505140605,0.00205410423989161,0.0260527452609087,0,0,0,19890.972,308872.787779091,1122016.93175128,234570.461801558,1665460.18133193
306,2052,308876.712,1122051.216,234577.4986,0.000441715505140605,0.00205410423989161,0.0260527452609087,0.0695001904269989,0.016000886367268,0,0,308736.353879613,1119712.19201454,228459.257314508,1656907.80320866
307,2053,306902.943,1120986.903,240430.8764,0.00049963452714763,0.00199620125732425,0.0260717375177155,0,0,0,19756.55,306899.294858733,1120953.03429137,240423.654029666,1668275.98317977
308,2053,306902.943,1120986.903,240430.8764,0.00049963452714763,0.00199620125732425,0.0260717375177155,0.0693803699948259,0.016206405512528,0,0,306745.957374664,1118715.38643492,234155.391628755,1659616.73543833
309,2054,304930.579,1119667.437,246188.3074,0.000558261546853123,0.00195378866567797,0.0259944572122897,0,0,0,19616.639,304927.187486226,1119633.99818533,246180.908925521,1670742.09459708
310,2054,304930.579,1119667.437,246188.3074,0.000558261546853123,0.00195378866567797,0.0259944572122897,0.0692923313014403,0.0164013437086957,0,0,304756.958362862,1117446.46996997,239781.569821974,1661984.9981548
311,2055,302945.101,1118085.908,251883.7679,0.000221024863959141,0.00214818628940516,0.0253976781229188,0,0,0,19472.444,302941.948146573,1118052.91221769,251876.201694987,1672871.06205925
312,2055,302945.101,1118085.908,251883.7679,0.000221024863959141,0.00214818628940516,0.0253976781229188,0.0692057004181513,0.0165299978792926,0,0,302874.990443697,1115651.12628083,245479.130997514,1664005.24772205
313,2056,301189.05,1115805.993,257693.9728,0.000280027806309202,0.00206267997814424,0.0255609903888808,0,0,0,19338.745,301186.116687341,1115773.46492894,257686.241793998,1674645.82341028
314,2056,301189.05,1115805.993,257693.9728,0.000280027806309202,0.00206267997814424,0.0255609903888808,0.0691001382557218,0.0166818858497941,0,0,301101.776199794,1113471.98134269,251099.526244155,1665673.28378664
315,2057,299415.331,1113438.662,263263.8685,0.000341381808407593,0.001991389665288,0.0256666749898903,0,0,0,19201.317,299412.60196548,1113406.6068553,263255.986156878,1676075.19497765
316,2057,299415.331,1113438.662,263263.8685,0.000341381808407593,0.001991389665288,0.0256666749898903,0.0690390059497162,0.0168687162400287,0,0,299310.387949961,1111189.38044514,256499.080321047,1666998.84871615
317,2058,297607.686,1110927.899,268667.9627,0.000410666797611703,0.00193388282272722,0.0257209392264967,0,0,0,19061.03,297605.147173958,1110896.32270357,268659.940138903,1677161.41001643
318,2058,297607.686,1110927.899,268667.9627,0.000410666797611703,0.00193388282272722,0.0257209392264967,0.069033183738797,0.017095843756126,0,0,297482.930621215,1108747.97938726,261749.754145996,1667980.66415448
319,2059,295745.882,1108216.093,273980.4408,0.000488389797201672,0.00189066169383989,0.0256674170586618,0,0,0,18918.95,295743.520450023,1108185.0023034,273972.286847582,1677900.809601
320,2059,295745.882,1108216.093,273980.4408,0.000488389797201672,0.00189066169383989,0.0256674170586618,0.069067426774166,0.017350429950509,0,0,295599.082332046,1106089.79936986,266940.125898549,1668629.00760045
321,2060,293816.423,1105254.29,279287.8751,0.000196956991991182,0.00206411368377279,0.025193320986642,0,0,0,18775.78,293814.226782694,1105223.69214678,279279.595940359,1678317.51486983
322,2060,293816.423,1105254.29,279287.8751,0.000196956991991182,0.00206411368377279,0.025193320986642,0.0691267768622913,0.0175305419183238,0,0,293756.358016383,1102942.38480019,272243.615434814,1668942.35825139
323,2061,292040.486,1101667.127,284728.4749,0.00024526662358848,0.00198122837170012,0.0253688613478541,0,0,0,18646.372,292038.442435252,1101637.03883355,284720.072354836,1678395.55362364
324,2061,292040.486,1101667.127,284728.4749,0.00024526662358848,0.00198122837170012,0.0253688613478541,0.0691871288034845,0.0177333673023888,0,0,291966.815152517,1099454.4442769,277497.048316316,1668918.30774573
325,2062,290213.683,1098009.068,289962.8078,0.000318121406393979,0.00191087735520423,0.0254774502058274,0,0,0,18516.922,290211.781791265,1097979.4900922,289954.293665746,1678145.56554921
326,2062,290213.683,1098009.068,289962.8078,0.000318121406393979,0.00191087735520423,0.0254774502058274,0.0692587854021236,0.0179558628974975,0,0,290119.459211089,1095881.38594811,282566.997586911,1668567.84274611
327,2063,288322.082,1094232.183,295054.0228,0.000411586308379008,0.00185390582672162,0.0255330089511127,0,0,0,18386.469,288320.313634222,1094203.11647218,295045.406894084,1677568.83700049
328,2063,288322.082,1094232.183,295054.0228,0.000411586308379008,0.00185390582672162,0.0255330089511127,0.0693280479270788,0.0181928858058113,0,0,288201.644940702,1092174.56693894,287512.009878873,1667888.22175852
329,2064,286357.737,1090288.982,300049.4797,0.000512914961848687,0.00181175536599754,0.0254768053834328,0,0,0,18253.525,286356.09263648,1090260.42842227,300040.770333415,1676657.29139217
330,2064,286357.737,1090288.982,300049.4797,0.000512914961848687,0.00181175536599754,0.0254768053834328,0.0693947847109675,0.0184389271333701,0,0,286209.216312151,1088285.14324075,292396.690020535,1666891.04957343
331,2065,284319.57,1086136.092,305022.9637,0.000190610041285622,0.00198260158957153,0.0251049892024632,0,0,0,18117.053,284318.041374609,1086108.05328448,305014.166910668,1675440.26156975
332,2065,284319.57,1086136.092,305022.9637,0.000190610041285622,0.00198260158957153,0.0251049892024632,0.0694825176720184,0.0186051379660983,0,0,284263.847501004,1083954.73373159,297356.789543777,1665575.37077637
333,2066,282449.48,1081417.437,310067.6592,0.000261271999624779,0.00189208501682969,0.0252741163933069,0,0,0,17989.762,282448.058149791,1081389.92379089,310058.777923083,1673896.75986376
334,2066,282449.48,1081417.437,310067.6592,0.000261271999624779,0.00189208501682969,0.0252741163933069,0.0695647682247639,0.0187859200430476,0,0,282374.262380849,1079343.84211873,302222.316281088,1663940.42078067
335,2067,280518.5,1076695.457,314869.3353,0.000331879889388542,0.00181512624815405,0.0253818689194371,0,0,0,17859.992,280517.177777511,1076668.46480522,314860.381399744,1672046.02398247
336,2067,280518.5,1076695.457,314869.3353,0.000331879889388542,0.00181512624815405,0.0253818689194371,0.0696412304019862,0.0189790719298944,0,0,280424.079767579,1074714.17561419,306868.636471131,1662006.8918529
337,2068,278532.295,1071921.909,319485.8311,0.000398467661311241,0.00175340363472853,0.0254426570707568,0,0,0,17729.131,278531.065705645,1071895.43401107,319476.814607794,1669903.31432451
338,2068,278532.295,1071921.909,319485.8311,0.000398467661311241,0.00175340363472853,0.0254426570707568,0.0696929594847165,0.0191803147736539,0,0,278420.080083291,1070015.96866103,311348.47557167,1659784.52431599
339,2069,276505.418,1067046.436,323959.2566,0.000467999077479075,0.00170786304794879,0.0253741245231633,0,0,0,17599.056,276504.275324141,1067020.47504158,323950.186169952,1667474.93653567
340,2069,276505.418,1067046.436,323959.2566,0.000467999077479075,0.00170786304794879,0.0253741245231633,0.0697217596443079,0.0193792852067236,0,0,276374.871578371,1065198.15020085,315730.233806773,1657303.255586
341,2070,274448.275,1062030.951,328370.7525,0.000188623456537695,0.00187610544809602,0.0249656074865375,0,0,0,17471.027,274447.21302552,1062005.50125488,328361.634292849,1664814.34857325
342,2070,274448.275,1062030.951,328370.7525,0.000188623456537695,0.00187610544809602,0.0249656074865375,0.0697560554475633,0.0195038497240027,0,0,274395.445843562,1060013.06694807,320163.886617456,1654572.39940908
343,2071,272560.787,1056515.712,332854.3003,0.000239043143366979,0.00177783931648723,0.025128051377213,0,0,0,17356.855,272559.799491286,1056490.7790297,332845.136256035,1661895.71477702
344,2071,272560.787,1056515.712,332854.3003,0.000239043143366979,0.00177783931648723,0.025128051377213,0.0697705859570917,0.0196725851580717,0,0,272494.645940061,1054612.50818523,324481.386571538,1651588.54069683
345,2072,270663.925,1051027.157,337083.9549,0.000300960898375169,0.00169730335506768,0.0252214044039681,0,0,0,17245.61,270663.006845936,1051002.73334589,337074.75599486,1658740.49618669
346,2072,270663.925,1051027.157,337083.9549,0.000300960898375169,0.00169730335506768,0.0252214044039681,0.0697821492173317,0.0197608124686245,0,0,270581.547864239,1049218.8628804,328573.257259545,1648373.66800418
347,2073,268755.685,1045610.288,341028.818,0.000374488246985716,0.00163416874782718,0.0252751264975192,0,0,0,17136.48,268754.831449991,1045586.36494483,341019.595449796,1655360.79184461
348,2073,268755.685,1045610.288,341028.818,0.000374488246985716,0.00163416874782718,0.0252751264975192,0.0697863924644535,0.0197111464419435,0,0,268654.185924292,1043877.70038408,332400.28203667,1644932.16834504
349,2074,266834.23,1040367.642,344584.0821,0.000454818329065354,0.00158952491811759,0.0252021186913024,0,0,0,17028.265,266833.436633029,1040344.20830594,344574.849080131,1651752.4940191
350,2074,266834.23,1040367.642,344584.0821,0.000454818329065354,0.00158952491811759,0.0252021186913024,0.0697802737328065,0.0195801654214202,0,0,266712.075895241,1038690.55526342,335890.832835576,1641293.46399423
351,2075,264900.193,1035335.996,347772.6367,0.00018932506983449,0.00176118109322509,0.0248361592370923,0,0,0,16919.927,264899.455690726,1035313.0395137,347763.405092858,1647975.90029729
352,2075,264900.193,1035335.996,347772.6367,0.00018932506983449,0.00176118109322509,0.0248361592370923,0.0697701610598234,0.0193914185009075,0,0,264849.303582778,1033489.66576294,339126.297787139,1637465.26713286
353,2076,263142.171,1030129.734,350753.7568,0.000240531997927507,0.00165979478644085,0.0250334531578319,0,0,0,16820.903,263141.485402329,1030107.25124594,350744.533678984,1643993.27032725
354,2076,263142.171,1030129.734,350753.7568,0.000240531997927507,0.00165979478644085,0.0250334531578319,0.0697396127619166,0.0192116541336058,0,0,263078.191455108,1028397.48460084,341964.186824765,1633439.86288072
355,2077,261391.11,1025302.335,353170.0575,0.000294270978209554,0.00157894996103769,0.0251864168895765,0,0,0,16722.531,261390.472533921,1025280.31022968,353160.859158253,1639831.64192185
356,2077,261391.11,1025302.335,353170.0575,0.000294270978209554,0.00157894996103769,0.0251864168895765,0.0697070411189223,0.0191558711905158,0,0,261313.552903874,1023661.44392379,344266.002530412,1629240.99935807
357,2078,259646.388,1020672.98,355213.4643,0.00035347389697804,0.00152124533978226,0.0253116666974471,0,0,0,16624.534,259645.79533184,1020651.40154149,355204.302232275,1635501.4991056
358,2078,259646.388,1020672.98,355213.4643,0.00035347389697804,0.00152124533978226,0.0253116666974471,0.0696667380146655,0.0192839091422768,0,0,259554.01732073,1019098.74035335,346213.489324672,1624866.24699875
359,2079,257907.151,1015999.654,357111.576,0.000423689876119515,0.00148776667994965,0.0252416923220061,0,0,0,16526.61,257906.600025414,1015978.51535317,357102.456392709,1630987.57177129
360,2079,257907.151,1015999.654,357111.576,0.000423689876119515,0.00148776667994965,0.0252416923220061,0.0696164806118175,0.0195293393001922,0,0,257797.327609999,1014466.97637048,348088.586061011,1620352.89004149
361,2080,256169.864,1011113.461,359123.1881,0.000180162321669175,0.00166059069383917,0.0249085247717877,0,0,0,16428.193,256169.35183286,1011092.75907409,359114.110861236,1626376.22176818
362,2080,256169.864,1011113.461,359123.1881,0.000180162321669175,0.00166059069383917,0.0249085247717877,0.0695646485513698,0.0196910573850382,0,0,256123.199767693,1009413.74784776,350169.108134951,1615706.0557504
363,2081,254598.815,1005698.483,361332.3739,0.000218866289514508,0.0015605812004823,0.0250952202568807,0,0,0,16338.403,254598.338639698,1005678.22111542,361323.336264773,1621599.8960199
364,2081,254598.815,1005698.483,361332.3739,0.000218866289514508,0.0015605812004823,0.0250952202568807,0.0694955532590425,0.0198848542606956,0,0,254542.615646003,1004108.77858982,352255.847557258,1610907.24179308
365,2082,253046.944,1000284.638,363391.4582,0.000268545525114683,0.00148260686814372,0.0252004685016419,0,0,0,16249.176,253046.500945871,1000264.80848489,363382.466200178,1616693.77563094
366,2082,253046.944,1000284.638,363391.4582,0.000268545525114683,0.00148260686814372,0.0252004685016419,0.0694338887326507,0.0200724976980677,0,0,252978.546440396,998781.809009868,354225.057806651,1605985.41325691
367,2083,251504.22,994837.651,365355.4079,0.000333743930420627,0.00142608656862842,0.02525944590097,0,0,0,16158.482,251503.807938509,994818.246923121,365346.465957125,1611668.52081875
368,2083,251504.22,994837.651,365355.4079,0.000333743930420627,0.00142608656862842,0.02525944590097,0.0693807272099024,0.0202243620151788,0,0,251419.870069132,993399.549982957,356118.01666517,1600937.43671726
369,2084,249956.455,989354.683,367222.4328,0.000411698442677189,0.00139215162263451,0.0251062309056012,0,0,0,16063.805,249956.071793094,989335.697523289,367213.545013427,1606505.31432981
370,2084,249956.455,989354.683,367222.4328,0.000411698442677189,0.00139215162263451,0.0251062309056012,0.0693328876724198,0.0203558674438165,0,0,249853.165267599,987958.392226652,357994.196960655,1595805.75445491
371,2085,248390.953,983813.869,369125.8951,0.000169839448512232,0.00154937677162703,0.0247638004432932,0,0,0,15963.337,248390.596666463,983795.295717744,369117.062061067,1601302.95444527
372,2085,248390.953,983813.869,369125.8951,0.000169839448512232,0.00154937677162703,0.0247638004432932,0.0692899435267159,0.0204341139312364,0,0,248348.41014451,982271.026138523,359976.320795973,1590595.757079
373,2086,246962.943,977903.489,371142.557,0.00020474195698672,0.00144399528185168,0.024884882117258,0,0,0,15864.428,246962.611473629,977885.327481577,371133.777082937,1595981.71603814
374,2086,246962.943,977903.489,371142.557,0.00020474195698672,0.00144399528185168,0.024884882117258,0.0692398414645051,0.0205390195755523,0,0,246912.047865253,976473.265682502,361898.156790496,1585283.47033825
375,2087,245526.879,972121.35,372956.8882,0.000239511627667222,0.0013676524679781,0.0249291600486152,0,0,0,15761.227,245526.570559503,972103.590425012,372948.167339168,1590578.32832368
376,2087,245526.879,972121.35,372956.8882,0.000239511627667222,0.0013676524679781,0.0249291600486152,0.0692064423284055,0.0206612256780355,0,0,245467.764090953,970774.090550437,363650.882785732,1579892.73742712
377,2088,244076.537,966394.343,374651.4122,0.000276867476682763,0.00132120129336,0.0249387202390894,0,0,0,15655.229,244076.250048193,966376.977061437,374642.754294198,1585095.98140383
378,2088,244076.537,966394.343,374651.4122,0.000276867476682763,0.00132120129336,0.0249387202390894,0.0691873896350448,0.0207984956608336,0,0,244008.673272724,965100.19854947,365299.643455253,1574408.51527745
379,2089,242607.848,960651.777,376270.7623,0.000330530331772771,0.00130173122474386,0.0247402525110777,0,0,0,15548.789,242607.581055016,960634.797779174,376262.170135484,1579504.54896967
380,2089,242607.848,960651.777,376270.7623,0.000330530331772771,0.00130173122474386,0.0247402525110777,0.0691768439387215,0.0209423634299567,0,0,242527.391890759,959384.309467329,366953.349035966,1568865.05039405
381,2090,241113.745,954837.552,377975.1328,0.000145294682479702,0.00142230822045508,0.0244661421180178,0,0,0,15443.547,241113.496691761,954820.953616996,377966.605398894,1573901.05570765
382,2090,241113.745,954837.552,377975.1328,0.000145294682479702,0.00142230822045508,0.0244661421180178,0.0691817781427493,0.0210159279225477,0,0,241078.464182818,953462.903925604,368719.22071534,1563260.58882376
383,2091,239714.262,948763.335,379744.4551,0.000151600302508048,0.0013333898666138,0.024554990388266,0,0,0,15348.831,239714.030939821,948747.114957818,379735.991525397,1568197.13742304
384,2091,239714.262,948763.335,379744.4551,0.000151600302508048,0.0013333898666138,0.024554990388266,0.0691813326561077,0.0211082571532774,0,0,239677.690220215,947482.065168754,370411.577903412,1557571.33329238
385,2092,238317.489,942816.08,381324.2152,0.000186063244480783,0.00126628768941994,0.0245671018529858,0,0,0,15257.141,238317.273992501,942800.229121932,381315.820247992,1562433.32336242
386,2092,238317.489,942816.08,381324.2152,0.000186063244480783,0.00126628768941994,0.0245671018529858,0.0691927655979812,0.0211979325929145,0,0,238272.931907286,941606.372798212,371947.995653805,1551827.3003593
387,2093,236909.112,936956.173,382778.7429,0.000253882742846212,0.00122175703160599,0.0245445844135251,0,0,0,15167.077,236908.911946699,936940.682946228,382770.419780199,1556620.01467313
388,2093,236909.112,936956.173,382778.7429,0.000253882742846212,0.00122175703160599,0.0245445844135251,0.0692162957492986,0.0212725204509036,0,0,236848.764862329,935795.969078641,373375.478900903,1546020.21284187
389,2094,235472.071,931154.846,384126.1205,0.000348787958579733,0.00120336612416005,0.0242767382678096,0,0,0,15077.046,235471.884891699,931139.709039739,384117.871831178,1550729.46576262
390,2094,235472.071,931154.846,384126.1205,0.000348787958579733,0.00120336612416005,0.0242767382678096,0.0692475256949892,0.0213339545106474,0,0,235389.755133665,930019.20705702,374792.742792745,1540201.70498343
391,2095,233993.352,925374.015,385543.1605,0.000136925657306941,0.00130380365552185,0.0240561721796408,0,0,0,14985.683,233993.178904546,925359.224108002,385534.984928674,1544887.38794122
392,2095,233993.352,925374.015,385543.1605,0.000136925657306941,0.00130380365552185,0.0240561721796408,0.0692915800487735,0.0213311004861359,0,0,233961.139234719,924152.737368939,376260.488949954,1534374.36555361
393,2096,232618.159,919460.615,386930.3988,0.000161032209244127,0.00120881063357681,0.0241097302102457,0,0,0,14900.431,232617.99794436,919446.165753928,386922.296748733,1538986.46044702
394,2096,232618.159,919460.615,386930.3988,0.000161032209244127,0.00120881063357681,0.0241097302102457,0.069331840522937,0.0213464048616469,0,0,232580.538954241,918334.729451763,377593.704561792,1528508.9729678
395,2097,231233.406,913760.846,388101.1913,0.000205134136857743,0.0011432347322945,0.024082807757851,0,0,0,14815.407,231233.256160712,913746.728567745,388093.167149108,1533073.15187757
396,2097,231233.406,913760.846,388101.1913,0.000205134136857743,0.0011432347322945,0.024082807757851,0.069364900698414,0.0213631892792296,0,0,231185.822326297,912702.101571126,378746.794012521,1522634.71790994
397,2098,229833.338,908210.417,389131.6791,0.000258583826387659,0.00111180383320098,0.024032651729564,0,0,0,14730.982,229833.198613635,908196.622685501,389123.73553483,1527153.55683397
398,2098,229833.338,908210.417,389131.6791,0.000258583826387659,0.00111180383320098,0.024032651729564,0.0693756929187053,0.021373937150075,0,0,229773.767465707,907186.8861991,379772.060319014,1516732.71398382
399,2099,228421.768,902742.31,390043.147,0.000320684170772245,0.00111741754071149,0.0237117281271355,0,0,0,14648.001,228421.638353237,902728.831185077,390035.28614574,1521185.75568405
400,2099,228421.768,902742.31,390043.147,0.000320684170772245,0.00111741754071149,0.0237117281271355,0.0693641904274424,0.0213796221448932,0,0,228348.387149555,901720.106154605,380786.875480663,1510855.36878482
401,2100,227003.907,897286.444,391043.9761,1,1,1,0,0,0,14567.828,227003.786426334,897273.274151178,391036.195764922,1515313.25634243
402,2100,227003.907,897286.444,391043.9761,1,1,1,0,0,0,0,0,0,0,0
