Year,AgeGrp,pop,mort_rate,ao_rate
1950,"[0,15)",141086.266,0.013858762127846,0.0573343900107187
1950,"[15,65)",223426.812,0.0195652883414905,0.00599875184183356
1950,"[65,100]",11811.085020373,0.0901498243206868,0
1951,"[0,15)",144353.397,0.0160809724484696,0.0567153469897214
1951,"[15,65)",225804.215,0.0197114168130121,0.00642009273387567
1951,"[65,100]",12086.5997807497,0.0947857618720053,0
1952,"[0,15)",148056.192,0.0201886389189316,0.0557567561915951
1952,"[15,65)",228090.663,0.0177712666826699,0.00657135184880409
1952,"[65,100]",12390.6462120893,0.0976677486300691,0
1953,"[0,15)",151686.157,0.0235021050734379,0.0545690072430275
1953,"[15,65)",230793.472,0.015379312808293,0.00635977693511193
1953,"[65,100]",12679.3436924829,0.100572192504788,0
1954,"[0,15)",155150.394,0.0244128738725601,0.0533956749088243
1954,"[15,65)",234053.595,0.0136346463723405,0.00598453956667489
1954,"[65,100]",12871.9492978081,0.104817631325592,0
1955,"[0,15)",158598.575,0.0145340460971985,0.0521439615709031
1955,"[15,65)",237746.014,0.0192321121312259,0.00567010978362817
1955,"[65,100]",12923.4450618688,0.0851004780550434,0
1956,"[0,15)",163460.411,0.0161812207850132,0.050861960698239
1956,"[15,65)",240095.568,0.0157072828599652,0.00541504789459504
1956,"[65,100]",13171.6997089856,0.086064249024261,0
1957,"[0,15)",167783.634,0.0150743427097306,0.0499698617804404
1957,"[15,65)",243338.107,0.0139030834163595,0.00537037135741341
1957,"[65,100]",13338.2162651587,0.0890335469415901,0
1958,"[0,15)",171990.735,0.0123723466848374,0.0492959228297966
1958,"[15,65)",247032.266,0.0134250721725558,0.00561021044918885
1958,"[65,100]",13457.4835611976,0.0934871428329242,0
1959,"[0,15)",176419.075,0.00995904779571029,0.0488008113635104
1959,"[15,65)",250808.379,0.013352835393111,0.00598548583578222
1959,"[65,100]",13585.2848733402,0.0983688908295781,0
1960,"[0,15)",181161.842,0.00967920164998104,0.0483121660906936
1960,"[15,65)",254567.56,0.0138505903894432,0.00628941095244029
1960,"[65,100]",13750.1254687459,0.0787659310444508,0
1961,"[0,15)",186032.79,0.00899995640553473,0.0477819743497907
1961,"[15,65)",258192.89,0.0140589735062031,0.00658670732567423
1961,"[65,100]",14268.1640342221,0.0822787366793758,0
1962,"[0,15)",191305.236,0.00980465584329329,0.0478225854727782
1962,"[15,65)",261751.336,0.013728445687857,0.00673511748570407
1962,"[65,100]",14794.8385227522,0.0852981521648751,0
1963,"[0,15)",196687.379,0.0119952790666858,0.0488055768946924
1963,"[15,65)",265543.682,0.012489150466777,0.00668888066408599
1963,"[65,100]",15295.7921351837,0.0875821486050091,0
1964,"[0,15)",201700.568,0.0141015567194635,0.0504666253592305
1964,"[15,65)",270050.518,0.010990554737614,0.0065494671630291
1964,"[65,100]",15732.3437953687,0.0898408426977988,0
1965,"[0,15)",206120.678,0.0105065247262577,0.0520361086722216
1965,"[15,65)",275492.973,0.0139641964660928,0.00640513977828393
1965,"[65,100]",16087.6237711813,0.0768404306501707,0
1966,"[0,15)",210937.633,0.0117091766171473,0.0536699537156559
1966,"[15,65)",280607.082,0.0120990745344054,0.00628606372807084
1966,"[65,100]",16616.0148324658,0.0782711013355627,0
1967,"[0,15)",215039.991,0.0120644582802275,0.0549162225364862
1967,"[15,65)",286769.095,0.0104771785118616,0.00625503944209888
1967,"[65,100]",17079.3750517207,0.0800633462265505,0
1968,"[0,15)",218680.22,0.0114497644094194,0.0553816298520278
1968,"[15,65)",293779.996,0.00933668744416485,0.00635004433725978
1968,"[65,100]",17505.6951336217,0.0823556270803547,0
1969,"[0,15)",222291.697,0.0105780694094031,0.0553410638634874
1969,"[15,65)",301282.415,0.00844346325357225,0.00651068865071332
1969,"[65,100]",17929.5186334147,0.0848238443124583,0
1970,"[0,15)",226128.011,0.0075847569366362,0.0553084155505175
1970,"[15,65)",309078.851,0.00995067436691097,0.00660934901689537
1970,"[65,100]",18370.2239362566,0.0733892066354189,0
1971,"[0,15)",230691.162,0.00782776411694523,0.0551569938340334
1971,"[15,65)",316467.28,0.00867308620341413,0.00672054627574768
1971,"[65,100]",19064.8577758598,0.0747888662553228,0
1972,"[0,15)",235324.167,0.00831405471415099,0.0550984548901006
1972,"[15,65)",324319.93,0.00763513978311478,0.00677252551207692
1972,"[65,100]",19765.8516774843,0.0763732248751939,0
1973,"[0,15)",239991.363,0.00915090431816913,0.0552567385518786
1973,"[15,65)",332613.235,0.0067175679284079,0.00675142106116132
1973,"[65,100]",20452.73484247,0.0780333304576435,0
1974,"[0,15)",244551.882,0.00997528205487292,0.0555962681162274
1974,"[15,65)",341394.411,0.00596973744833801,0.00670031472776512
1974,"[65,100]",21102.351825745,0.0798169397090331,0
1975,"[0,15)",248929.531,0.00643704261829824,0.0558119036507565
1975,"[15,65)",350665.098,0.00882098337599598,0.00662748877277772
1975,"[65,100]",21705.4766823507,0.0710210252979701,0
1976,"[0,15)",254140.921,0.00739974889758112,0.0559069076482964
1976,"[15,65)",359141.089,0.00766350630517802,0.00658819631746453
1976,"[65,100]",22487.960473789,0.0722976927911481,0
1977,"[0,15)",259023.954,0.00782326101006089,0.0560197880385997
1977,"[15,65)",368230.95,0.00675361481700546,0.00657099029834401
1977,"[65,100]",23228.2248159555,0.0737752079743097,0
1978,"[0,15)",263731.19,0.0076919419352713,0.0560679227966931
1978,"[15,65)",377834.885,0.00615776915358147,0.00658564123850025
1978,"[65,100]",23934.1996992844,0.0755005163020226,0
1979,"[0,15)",268491.454,0.00742854929006416,0.0560719597428974
1979,"[15,65)",387806.84,0.00575974626956038,0.0066227583814664
1979,"[65,100]",24615.4402647127,0.0773370616114414,0
1980,"[0,15)",273441.676,0.00491619280449409,0.0560281674107352
1980,"[15,65)",398059.662,0.00768642314729193,0.00661246856005219
1980,"[65,100]",25280.1054443678,0.0704323465413665,0
1981,"[0,15)",279295.802,0.00543234445034732,0.0558484190893782
1981,"[15,65)",407688.286,0.00727171248673062,0.00662191456734668
1981,"[65,100]",26131.7252971078,0.0724508904936757,0
1982,"[0,15)",285305.307,0.00634013793511382,0.0557072602929184
1982,"[15,65)",417622.246,0.0068304024206603,0.00663028855986757
1982,"[65,100]",26938.1355291963,0.0744335926511437,0
1983,"[0,15)",291350.346,0.00763971977572323,0.0556702273488977
1983,"[15,65)",427894.339,0.00621439864386708,0.00663950592718638
1983,"[65,100]",27701.9893224348,0.0761932451919537,0
1984,"[0,15)",297196.716,0.00878483798589479,0.0557680422013815
1984,"[15,65)",438613.766,0.00557471559157585,0.00665739934847371
1984,"[65,100]",28432.2918576856,0.0778203352465949,0
1985,"[0,15)",302701.863,0.0051103385511704,0.0558611659420147
1985,"[15,65)",449822.671,0.00828755916573178,0.00662766506048336
1985,"[65,100]",29139.7083734915,0.0714740496921469,0
1986,"[0,15)",309117.827,0.00607166858739599,0.0559068856290841
1986,"[15,65)",460022.744,0.00706360727242649,0.00662839835588651
1986,"[65,100]",30038.2494091899,0.0727602865998971,0
1987,"[0,15)",314882.171,0.00623564044215127,0.0560491498897853
1987,"[15,65)",471005.925,0.00622324018535436,0.00664083578141825
1987,"[65,100]",30901.871773218,0.0743566258866804,0
1988,"[0,15)",320158.702,0.00571844209938108,0.0561902015707198
1988,"[15,65)",482595.747,0.00582071229898343,0.00667206045643001
1988,"[65,100]",31731.9858545787,0.0763016721562188,0
1989,"[0,15)",325179.83,0.00510727248980972,0.0563426704540684
1989,"[15,65)",494556.57,0.00559359266018851,0.00672186601423574
1989,"[65,100]",32530.6902730369,0.0783182758082625,0
1990,"[0,15)",330035.881,0.0036410707719383,0.0565067438834022
1990,"[15,65)",506787.379,0.00696855159844067,0.00674514627168725
1990,"[65,100]",33307.2857,0.0669104567713244,0
1991,"[0,15)",335068.163,0.0036328936449865,0.056632724607739
1991,"[15,65)",518486.703,0.00660822732805936,0.00678225107732416
1991,"[65,100]",34497.035,0.0684870134491269,0
1992,"[0,15)",339847.574,0.00376627670144849,0.056984838149823
1992,"[15,65)",530519.741,0.00620150909709505,0.00682435114134612
1992,"[65,100]",35650.9431,0.0699658489539369,0
1993,"[0,15)",344302.685,0.00406542284153258,0.0576666458468077
1993,"[15,65)",542975.424,0.0056920126830639,0.00687483233126956
1993,"[65,100]",36777.0476,0.0712402618202555,0
1994,"[0,15)",348305.135,0.00435362229155768,0.0585788980687867
1994,"[15,65)",556006.717,0.00519776094719373,0.00693453133228964
1994,"[65,100]",37889.9061,0.0723699154271592,0
1995,"[0,15)",351812.243,0.00298652198979898,0.0594680015157972
1995,"[15,65)",569664.412,0.00643427766030082,0.00695828617077101
1995,"[65,100]",39003.4628,0.06334301168767,0
1996,"[0,15)",355436.705,0.00326003190919742,0.0603441842057364
1996,"[15,65)",582956.716,0.00600914939969574,0.0069908466411767
1996,"[65,100]",40496.754,0.0644438317204386,0
1997,"[0,15)",358612.537,0.00367565230994702,0.0610928418266649
1997,"[15,65)",596826.819,0.00559245310991964,0.00702957519072212
1997,"[65,100]",41962.349,0.065425853543137,0
1998,"[0,15)",361355.075,0.00416221081162341,0.0616026162078947
1998,"[15,65)",611202.313,0.00521265697500723,0.00707981777549327
1998,"[65,100]",43412.3655,0.0662998932873169,0
1999,"[0,15)",363723.543,0.0045910748208015,0.0619601657185001
1999,"[15,65)",625949.542,0.00489843796387025,0.00713912176646341
1999,"[65,100]",44861.3313,0.0670802807851581,0
2000,"[0,15)",365773.765,0.00262956256581167,0.0623174218085324
2000,"[15,65)",640951.008,0.00633352307638466,0.0071590869547396
2000,"[65,100]",46320.7506,0.0620330189554398,0
2001,"[0,15)",368339.237,0.00317848299175361,0.0625936763831652
2001,"[15,65)",655096.984,0.00583525507423189,0.00721147725509907
2001,"[65,100]",48035.9586,0.0628795570658186,0
2002,"[0,15)",370455.776,0.00346464027058386,0.062839333351358
2002,"[15,65)",669605.816,0.00545904905939466,0.00722773292040821
2002,"[65,100]",49739.6958,0.0637109163824038,0
2003,"[0,15)",372221.586,0.00350347225697974,0.0630085193393378
2003,"[15,65)",684389.867,0.00520510336544769,0.0071914317223519
2003,"[65,100]",51410.4662,0.0645237661742892,0
2004,"[0,15)",373755.592,0.00345062128194193,0.0631211585992806
2004,"[15,65)",699358.935,0.0050160909147461,0.0071377410799792
2004,"[65,100]",53015.0123,0.0652614448228658,0
2005,"[0,15)",375114.219,0.00210848578896443,0.0631949091751171
2005,"[15,65)",714450.93,0.00595249137683956,0.00707839515304431
2005,"[65,100]",54547.019,0.0603474481346084,0
2006,"[0,15)",376811.884,0.0022898747004487,0.0631788327567716
2006,"[15,65)",728846.31,0.00566242971031849,0.00706800998965063
2006,"[65,100]",56312.4116,0.0613409921872357,0
2007,"[0,15)",378289.367,0.00251410185684655,0.0632563061176393
2007,"[15,65)",743374.311,0.00542849267224677,0.00707806944918763
2007,"[65,100]",58009.6454,0.062241725063191,0
2008,"[0,15)",379470.915,0.00288371244473373,0.0634875350064708
2008,"[15,65)",758006.442,0.00516694025668979,0.00710512827013679
2008,"[65,100]",59660.68,0.0629648589322146,0
2009,"[0,15)",380174.492,0.00322472450361034,0.0638574825793415
2009,"[15,65)",772795.808,0.00488419186663086,0.00715959758415253
2009,"[65,100]",61289.8867,0.0635150056493742,0
2010,"[0,15)",380274.337,0.0018771527041016,0.0642595716365683
2010,"[15,65)",787765.404,0.00574184773415105,0.00718504642531877
2010,"[65,100]",62929.9662,0.0583421050685389,0
2011,"[0,15)",380287.007,0.00208720515134508,0.0646711787342237
2011,"[15,65)",802018.31,0.00519471930759288,0.00722061445205659
2011,"[65,100]",64918.6305,0.0589102753792688,0
2012,"[0,15)",379512.707,0.00172529664467864,0.0652142459092944
2012,"[15,65)",816654.594,0.00481213113704715,0.00738191402373964
2012,"[65,100]",66885.3211,0.0595043028058364,0
2013,"[0,15)",378168.02,0.000767904700138318,0.0658265101316605
2013,"[15,65)",831445.906,0.00470839289934515,0.00771137719691893
2013,"[65,100]",68933.8307,0.0601583584995806,0
2014,"[0,15)",376631.361,0,0.0664224506785031
2014,"[15,65)",846013.02,0.00475272354555488,0.00813383226655306
2014,"[65,100]",71198.4776,0.0606128002377399,0
2015,"[0,15)",375144.882,0.000727649537812422,0.0670048138894775
2015,"[15,65)",860127.604,0.00471574099137971,0.00848626525419593
2015,"[65,100]",73764.2665,0.056609629541968,0
2016,"[0,15)",373356.04,0.000197929033102027,0.0675547608657945
2016,"[15,65)",873908.707,0.00513120416821753,0.00884558299749267
2016,"[65,100]",76887.7697,0.0576877638317034,0
2017,"[0,15)",372060.792,0.000839209631097106,0.0679618883357105
2017,"[15,65)",886916.249,0.00522559599649415,0.00911984644448655
2017,"[65,100]",80182.5182,0.0582300931027631,0
2018,"[0,15)",370948.441,0.00259027642065218,0.0683050720787367
2018,"[15,65)",899478.997,0.00487809611412191,0.00926991294717246
2018,"[65,100]",83602.0227,0.0581611310703371,0
2019,"[0,15)",369543.688,0.00435190223029871,0.0686549326205783
2019,"[15,65)",912090.82,0.00438223904062538,0.00935540388401234
2019,"[65,100]",87077.7265,0.0577410447205463,0
2020,"[0,15)",367656.95,0.00159603674022752,0.0690256229346406
2020,"[15,65)",924931.839,0.00554754067667032,0.00939834227071082
2020,"[65,100]",90582.7456,0.0560183163624486,0
2021,"[0,15)",366707.894,0.002823751593414,0.0693007361330487
2021,"[15,65)",936485.666,0.00474180776195671,0.0094774381736239
2021,"[65,100]",94201.2787,0.0559294732800692,0
2022,"[0,15)",364994.311,0.00298704381723912,0.069412303798894
2022,"[15,65)",948582.673,0.00424624770686699,0.00958204093192413
2022,"[65,100]",97808.1358,0.0559739908671278,0
2023,"[0,15)",362902.94,0.00203871867227088,0.0690921572583567
2023,"[15,65)",960800.494,0.00418383943919994,0.0097211940026334
2023,"[65,100]",101422.7821,0.0562650726182357,0
2024,"[0,15)",361028.933,0.000935041402900522,0.0684054842773502
2024,"[15,65)",972514.278,0.0042989600199988,0.00988654173774506
2024,"[65,100]",105056.3499,0.0564996804633891,0
2025,"[0,15)",359641.618,0.000602224517853245,0.0676776957443229
2025,"[15,65)",983415.034,0.0045509056148922,0.00999977492717485
2025,"[65,100]",108735.5027,0.0544610467874353,0
2026,"[0,15)",358593.702,0.000282933022621762,0.0667948791805607
2026,"[15,65)",993445.392,0.00459101832544409,0.0101380408838818
2026,"[65,100]",112647.5824,0.0552019348086781,0
2027,"[0,15)",358003.533,0.000343650239898619,0.0661787267892689
2027,"[15,65)",1002765.099,0.00458975587063187,0.0102826993183974
2027,"[65,100]",116500.8079,0.0557333628585077,0
2028,"[0,15)",357656.911,0.000950206719198572,0.0661161640463869
2028,"[15,65)",1011543.738,0.00443965577690125,0.0104246999945345
2028,"[65,100]",120318.9581,0.0559626937128539,0
2029,"[0,15)",357127.579,0.00164601121438457,0.0664699043027422
2029,"[15,65)",1020154.695,0.00424268203755117,0.0105718133268014
2029,"[65,100]",124130.6251,0.0559395869827131,0
2030,"[0,15)",356182.705,0.000782477633213546,0.0668457891575617
2030,"[15,65)",1028779.854,0.00475662599823812,0.0106701166020306
2030,"[65,100]",127971.6942,0.0541825842296304,0
2031,"[0,15)",355336.282,0.00107869648954113,0.0672365030261672
2031,"[15,65)",1036718.446,0.00453594900152861,0.0107977918625748
2031,"[65,100]",132015.0581,0.0546755984043308,0
2032,"[0,15)",354107.488,0.00126891696794622,0.0676037892765487
2032,"[15,65)",1044713.243,0.00435067137365654,0.0109551047396841
2032,"[65,100]",135991.3258,0.0550469035871404,0
2033,"[0,15)",352530.823,0.00127906829866049,0.0678235134066561
2033,"[15,65)",1052662.104,0.00424667420154417,0.0111449628094525
2033,"[65,100]",139950.3674,0.0553334638834253,0
2034,"[0,15)",350734.983,0.00126810846239421,0.067938629321159
2034,"[15,65)",1060369.79,0.00418731563448257,0.0113618467006685
2034,"[65,100]",143938.3088,0.0554502409159888,0
2035,"[0,15)",348788.13,0.000603913900395641,0.0681505331044379
2035,"[15,65)",1067710.382,0.00461224699414789,0.0115286169428668
2035,"[65,100]",148004.6539,0.0538743755002963,0
2036,"[0,15)",346924.035,0.000690177029677378,0.0683527591278016
2036,"[15,65)",1074246.711,0.00448939238130003,0.0117322863276609
2036,"[65,100]",152340.2196,0.0544162396625559,0
2037,"[0,15)",344884.552,0.000816951638935675,0.0685805550374434
2037,"[15,65)",1080533.841,0.0043704313745783,0.0119443700051593
2037,"[65,100]",156653.8077,0.054790432649024,0
2038,"[0,15)",342668.935,0.000988297932521957,0.0688399518911745
2038,"[15,65)",1086557.52,0.00424872951042666,0.0121543984160176
2038,"[65,100]",160976.9738,0.0549969457805772,0
2039,"[0,15)",340274.999,0.00116809051845736,0.0691153774715021
2039,"[15,65)",1092323.891,0.00413825060244882,0.0123743095901946
2039,"[65,100]",165330.1849,0.0550495265308325,0
2040,"[0,15)",337719.598,0.000579759069830465,0.0694168154256775
2040,"[15,65)",1097805.062,0.00460050256171982,0.0125429381559911
2040,"[65,100]",169745.5905,0.0530610767176305,0
2041,"[0,15)",335294.809,0.000713649581136246,0.0696747917740653
2041,"[15,65)",1102428.325,0.00446183564813613,0.0127343408017025
2041,"[65,100]",174508.4077,0.0535215341375211,0
2042,"[0,15)",332774.986,0.000923065172933394,0.0698876657754558
2042,"[15,65)",1106832.369,0.00432535958839491,0.0129927253690572
2042,"[65,100]",179207.148,0.0538318583140445,0
2043,"[0,15)",330167.742,0.00117873114327441,0.0700244786481897
2043,"[15,65)",1110921.019,0.00419355374533607,0.0133382137402875
2043,"[65,100]",183940.8632,0.0539921278351378,0
2044,"[0,15)",327495.154,0.00142685470087904,0.0700982341863904
2044,"[15,65)",1114564.434,0.00407819760019363,0.0137391249288689
2044,"[65,100]",188827.2066,0.0539688452924453,0
2045,"[0,15)",324786.592,0.000587511937684923,0.070184993966746
2045,"[15,65)",1117662.712,0.00460132555625601,0.0140647673320607
2045,"[65,100]",193949.5603,0.0520955524950474,0
2046,"[0,15)",322407.158,0.000842019146485558,0.0701924924383968
2046,"[15,65)",1119595.461,0.0044070230470504,0.014421715309187
2046,"[65,100]",199565.3168,0.0524167589225103,0
2047,"[0,15)",320001.627,0.00105388839163621,0.0701658463755248
2047,"[15,65)",1121145.453,0.00423924744758341,0.0147560068639907
2047,"[65,100]",205251.2367,0.0526176108540836,0
2048,"[0,15)",317594.523,0.00122815405100673,0.0700869517198821
2048,"[15,65)",1122302.195,0.00410308384008818,0.0150431836231061
2048,"[65,100]",210995.037,0.0527005689712029,0
2049,"[0,15)",315209.939,0.00138737059303194,0.0699621752726522
2049,"[15,65)",1123073.529,0.00399835085063251,0.0153040353602707
2049,"[65,100]",216758.4765,0.052526455637826,0
2050,"[0,15)",312858.792,0.000522769390479572,0.0698439249870913
2050,"[15,65)",1123448.303,0.00446916158633425,0.0155031423817995
2050,"[65,100]",222560.479,0.0509923242032562,0
2051,"[0,15)",310862.547,0.000733224385503052,0.0696413099902961
2051,"[15,65)",1122861.738,0.00426238408348012,0.0157395415676725
2051,"[65,100]",228628.5819,0.0512814810928939,0
2052,"[0,15)",308876.712,0.000883235897693683,0.0694694911152771
2052,"[15,65)",1122051.216,0.00410398913555475,0.015968018878739
2052,"[65,100]",234577.4986,0.0514267449861877,0
2053,"[0,15)",306902.943,0.000999019419634562,0.0693457051664702
2053,"[15,65)",1120986.903,0.00398841769518872,0.0161740542654672
2053,"[65,100]",240430.8764,0.0514637395382385,0
2054,"[0,15)",304930.579,0.00111621143775156,0.0692536480573829
2054,"[15,65)",1119667.437,0.00390376004120588,0.0163692989492558
2054,"[65,100]",246188.3074,0.0513132026188178,0
2055,"[0,15)",302945.101,0.000442000875927682,0.0691904042376312
2055,"[15,65)",1118085.908,0.00429175787447632,0.0164944883644844
2055,"[65,100]",251883.7679,0.0501503141918023,0
2056,"[0,15)",301189.05,0.000559977197046189,0.0690807882955904
2056,"[15,65)",1115805.993,0.00412110530759624,0.0166474764578541
2056,"[65,100]",257693.9728,0.0504686165481011,0
2057,"[0,15)",299415.331,0.000682647075276154,0.0690154372890144
2057,"[15,65)",1113438.662,0.00397881369777692,0.0168351240528416
2057,"[65,100]",263263.8685,0.0506745717747439,0
2058,"[0,15)",297607.686,0.000821164948004792,0.0690048341023021
2058,"[15,65)",1110927.899,0.00386402574268232,0.017062782397546
2058,"[65,100]",268667.9627,0.0507803117383002,0
2059,"[0,15)",295745.882,0.000976541069809354,0.0690336949476105
2059,"[15,65)",1108216.093,0.00377774878603935,0.01731762615723
2059,"[65,100]",273980.4408,0.0506760178188603,0
2060,"[0,15)",293816.423,0.000393875191925545,0.0691131618602545
2060,"[15,65)",1105254.29,0.00412396680224602,0.0174943568868663
2060,"[65,100]",279287.8751,0.0497519385509479,0
2061,"[0,15)",292040.486,0.000490473091460353,0.0691701595100071
2061,"[15,65)",1101667.127,0.00395853147753949,0.0176982334519636
2061,"[65,100]",284728.4749,0.0500941435696216,0
2062,"[0,15)",290213.683,0.000636141611558671,0.0692367526999063
2062,"[15,65)",1098009.068,0.00381810325814177,0.0179215514456935
2062,"[65,100]",289962.8078,0.0503057999426642,0
2063,"[0,15)",288322.082,0.000823003213468756,0.0692995134517654
2063,"[15,65)",1094232.183,0.00370437468662901,0.018159157908811
2063,"[65,100]",295054.0228,0.0504140833561277,0
2064,"[0,15)",286357.737,0.00102556684193938,0.069359191087615
2064,"[15,65)",1090288.982,0.00362022827448878,0.0184055203081929
2064,"[65,100]",300049.4797,0.0503045431543203,0
2065,"[0,15)",284319.57,0.000381183750383438,0.0694692736064563
2065,"[15,65)",1086136.092,0.00396127247008012,0.0185682513899925
2065,"[65,100]",305022.9637,0.0495797179220707,0
2066,"[0,15)",282449.48,0.000522475736191811,0.0695465928986664
2066,"[15,65)",1081417.437,0.00378059004794835,0.0187503754852068
2066,"[65,100]",310067.6592,0.0499094518271514,0
2067,"[0,15)",280518.5,0.000663649634516089,0.0696181178781435
2067,"[15,65)",1076695.457,0.00362695781301137,0.0189446225182689
2067,"[65,100]",314869.3353,0.0501194985690307,0
2068,"[0,15)",278532.295,0.000796776546145251,0.0696651890941408
2068,"[15,65)",1071921.909,0.00350373284515075,0.0191466839400145
2068,"[65,100]",319485.8311,0.0502379853426933,0
2069,"[0,15)",276505.418,0.000935779131821571,0.0696891299251142
2069,"[15,65)",1067046.436,0.003412809299707,0.0193461880416233
2069,"[65,100]",323959.2566,0.0501044028510096,0
2070,"[0,15)",274448.275,0.000377211334266899,0.0697428978192703
2070,"[15,65)",1062030.951,0.00374869112453955,0.0194672584452767
2070,"[65,100]",328370.7525,0.0493079334159032,0
2071,"[0,15)",272560.787,0.000478029145109543,0.06975390777691
2071,"[15,65)",1056515.712,0.00355251792033927,0.0196376104627207
2071,"[65,100]",332854.3003,0.0496246837884101,0
2072,"[0,15)",270663.925,0.000601831219287905,0.0697611475190128
2072,"[15,65)",1051027.157,0.00339172587145623,0.0197272723753226
2072,"[65,100]",337083.9549,0.0498066895678279,0
2073,"[0,15)",268755.685,0.000748836252524274,0.069760258280676
2073,"[15,65)",1045610.288,0.00326566698815802,0.0196789351024442
2073,"[65,100]",341028.818,0.0499114209755728,0
2074,"[0,15)",266834.23,0.000909429798418307,0.0697485363853056
2074,"[15,65)",1040367.642,0.00317652324676971,0.019549042260582
2074,"[65,100]",344584.0821,0.0497690905960743,0
2075,"[0,15)",264900.193,0.000378614295686815,0.0697569518192084
2075,"[15,65)",1035335.996,0.00351926042760712,0.0193572667012729
2075,"[65,100]",347772.6367,0.0490554836685344,0
2076,"[0,15)",263142.171,0.000481006140213053,0.0697228381535242
2076,"[15,65)",1030129.734,0.00331683465414851,0.0191797667302359
2076,"[65,100]",350753.7568,0.0494402325386583,0
2077,"[0,15)",261391.11,0.000588455361010584,0.0696865283597441
2077,"[15,65)",1025302.335,0.0031554068390959,0.0191256250284459
2077,"[65,100]",353170.0575,0.0497384781834173,0
2078,"[0,15)",259646.388,0.000706822850160341,0.0696421126412897
2078,"[15,65)",1020672.98,0.00304017649218068,0.0192545735853613
2078,"[65,100]",355213.4643,0.0499826529238914,0
2079,"[0,15)",257907.151,0.000847200239127964,0.0695869848137712
2079,"[15,65)",1015999.654,0.00297331991020539,0.0195002841998999
2079,"[65,100]",357111.576,0.0498462416127334,0
2080,"[0,15)",256169.864,0.000360292184876192,0.0695521156227807
2080,"[15,65)",1011113.461,0.00331842382622577,0.0196583585983927
2080,"[65,100]",359123.1881,0.0491966149372687,0
2081,"[0,15)",254598.815,0.000437684676576347,0.069480343025163
2081,"[15,65)",1005698.483,0.00311872698728133,0.019853822330962
2081,"[65,100]",361332.3739,0.04956067043402,0
2082,"[0,15)",253046.944,0.000537018933530354,0.0694152425725402
2082,"[15,65)",1000284.638,0.00296301561316192,0.0200427380751198
2082,"[65,100]",363391.4582,0.0497658733905816,0
2083,"[0,15)",251504.22,0.000667376475830137,0.069357571813308
2083,"[15,65)",994837.651,0.00285013941435556,0.0201955203241499
2083,"[65,100]",365355.4079,0.0498808521947158,0
2084,"[0,15)",249956.455,0.000823227389746734,0.0693043434305387
2084,"[15,65)",989354.683,0.00278236515912868,0.0203275289899244
2084,"[65,100]",367222.4328,0.0495821389809169,0
2085,"[0,15)",248390.953,0.000339650051586213,0.0692781753609198
2085,"[15,65)",983813.869,0.00309635297487354,0.0204024537897625
2085,"[65,100]",369125.8951,0.048914355074191,0
2086,"[0,15)",246962.943,0.000409441994704442,0.0692256651638623
2086,"[15,65)",977903.489,0.00288590544132928,0.0205093613281914
2086,"[65,100]",371142.557,0.0491505068765262,0
2087,"[0,15)",245526.879,0.000478965889514687,0.0691898665807584
2087,"[15,65)",972121.35,0.00273343446268309,0.0206329683017455
2087,"[65,100]",372956.8882,0.0492368570765011,0
2088,"[0,15)",244076.537,0.00055365829776586,0.0691682338970583
2088,"[15,65)",966394.343,0.00264065701386252,0.0207710166614665
2088,"[65,100]",374651.4122,0.0492555007110153,0
2089,"[0,15)",242607.848,0.000660951413245299,0.0691539788935435
2089,"[15,65)",960651.777,0.00260176794530617,0.0209151021015599
2089,"[65,100]",376270.7623,0.0488684249278435,0
2090,"[0,15)",241113.745,0.00029056825441451,0.0691717263982607
2090,"[15,65)",954837.552,0.0028425934802363,0.020986036795503
2090,"[65,100]",377975.1328,0.0483336921258964,0
2091,"[0,15)",239714.262,0.000303177622364424,0.0691708447451491
2091,"[15,65)",948763.335,0.00266500180469136,0.0210801116170873
2091,"[65,100]",379744.4551,0.0485070332235642,0
2092,"[0,15)",238317.489,0.000372091869430519,0.0691798913675194
2092,"[15,65)",942816.08,0.00253097189432747,0.0211710899118309
2092,"[65,100]",381324.2152,0.0485306612125167,0
2093,"[0,15)",236909.112,0.000507701029245338,0.0691987229262841
2093,"[15,65)",936956.173,0.00244202137296769,0.0212465305994627
2093,"[65,100]",382778.7429,0.0484867322030176,0
2094,"[0,15)",235472.071,0.000697454264119508,0.0692233729918654
2094,"[15,65)",931154.846,0.00240528415829131,0.0213082819524949
2094,"[65,100]",384126.1205,0.0479641165146956,0
2095,"[0,15)",233993.352,0.0002738325659782,0.0692820922536295
2095,"[15,65)",925374.015,0.00260590740707153,0.0213032889193458
2095,"[65,100]",385543.1605,0.0475336449393452,0
2096,"[0,15)",232618.159,0.000322038487115709,0.0693206758634867
2096,"[15,65)",919460.615,0.00241616004400581,0.0213206011004615
2096,"[65,100]",386930.3988,0.0476381813296805,0
2097,"[0,15)",231233.406,0.000410226193701432,0.069350671589381
2097,"[15,65)",913760.846,0.00228516247893598,0.021338766139253
2097,"[65,100]",388101.1913,0.0475856338862003,0
2098,"[0,15)",229833.338,0.000517100787179983,0.0693577534865721
2098,"[15,65)",908210.417,0.00222237155863848,0.021350173524821
2098,"[65,100]",389131.6791,0.0474877351099735,0
2099,"[0,15)",228421.768,0.000641265503207212,0.0693419464295539
2099,"[15,65)",902742.31,0.0022335864594626,0.0213557321800947
2099,"[65,100]",390043.147,0.0468612102034958,0
2100,"[0,15)",227003.907,1,0
2100,"[15,65)",897286.444,1,0
2100,"[65,100]",391043.9761,1,0
